City_ID,City,Country,Date,Lat,Lng,Max Temp,Humidity,Cloudiness,Wind Speed
0,Emba,KZ,2020-08-01 12:04:57,48.83,58.14,94.5,13,68,6.4
1,Cape Town,ZA,2020-08-01 12:04:58,-33.93,18.42,70.0,55,0,9.17
2,Lagoa,PT,2020-08-01 12:04:58,39.05,-27.98,69.84,69,21,8.61
3,Hermanus,ZA,2020-08-01 12:04:58,-34.42,19.23,64.99,67,0,5.01
4,Kenai,US,2020-08-01 12:04:58,60.55,-151.26,57.2,87,90,3.36
5,Ushuaia,AR,2020-08-01 12:04:58,-54.8,-68.3,41.0,80,75,7.31
6,La Palma,US,2020-08-01 12:04:58,33.85,-118.05,66.2,72,1,2.15
7,Wasilla,US,2020-08-01 12:02:06,61.58,-149.44,55.4,93,90,0.92
8,Mahebourg,MU,2020-08-01 12:00:47,-20.41,57.7,75.2,69,75,11.41
9,Doha,QA,2020-08-01 12:01:03,25.29,51.53,105.01,57,14,13.87
10,Sakakah,SA,2020-08-01 12:04:58,29.97,40.21,105.8,8,0,16.11
11,Butaritari,KI,2020-08-01 12:04:58,3.07,172.79,83.34,78,100,10.42
12,Busselton,AU,2020-08-01 12:00:24,-33.65,115.33,53.01,72,33,6.35
13,Astana,KZ,2020-08-01 12:04:59,51.18,71.45,86.0,37,0,11.18
14,Albany,US,2020-08-01 12:01:25,42.6,-73.97,69.01,73,10,2.53
15,Punta Arenas,CL,2020-08-01 12:04:59,-53.15,-70.92,35.6,93,100,6.93
16,Ayagoz,KZ,2020-08-01 12:04:59,47.97,80.44,81.63,25,60,16.6
17,Lebu,CL,2020-08-01 12:04:59,-37.62,-73.65,52.7,95,100,24.87
18,Caravelas,BR,2020-08-01 12:04:59,-17.71,-39.25,71.24,83,96,9.19
19,Aquin,HT,2020-08-01 12:04:59,18.28,-73.4,82.87,77,93,13.53
20,Zhangjiakou,CN,2020-08-01 12:04:59,40.81,114.88,66.81,79,78,4.68
21,Port Alfred,ZA,2020-08-01 12:04:59,-33.59,26.89,66.11,60,0,8.19
22,Atuona,PF,2020-08-01 12:04:59,-9.8,-139.03,78.12,77,45,18.81
23,Kodiak,US,2020-08-01 12:05:00,57.79,-152.41,50.0,87,90,5.82
24,Lata,PT,2020-08-01 12:05:00,40.16,-8.33,82.99,54,11,10.67
25,Talavera,PH,2020-08-01 12:05:00,15.62,120.93,76.69,93,100,4.27
26,Ramtek,IN,2020-08-01 12:05:00,21.4,79.33,75.2,94,75,4.7
27,Mataura,NZ,2020-08-01 12:05:00,-46.19,168.86,50.74,78,92,4.29
28,Lompoc,US,2020-08-01 12:05:00,34.64,-120.46,55.4,93,0,3.36
29,Soloneshnoye,RU,2020-08-01 12:05:01,51.65,84.32,72.66,67,36,3.04
30,Lavrentiya,RU,2020-08-01 12:00:34,65.58,-171.0,40.21,85,1,8.23
31,Puerto Madryn,AR,2020-08-01 12:05:01,-42.77,-65.04,51.53,57,100,25.52
32,Almaznyy,RU,2020-08-01 12:05:01,48.04,40.05,75.2,60,20,6.71
33,Tuensang,IN,2020-08-01 12:05:01,26.28,94.83,77.61,82,100,1.36
34,Maarianhamina,AX,2020-08-01 12:05:01,60.1,19.93,69.8,64,49,9.17
35,Huanren,CN,2020-08-01 12:05:01,41.26,125.37,70.18,92,71,2.59
36,Oktyabrskiy,RU,2020-08-01 12:05:01,54.48,53.47,71.55,71,100,8.32
37,Omsukchan,RU,2020-08-01 12:05:02,62.53,155.8,45.41,78,1,4.63
38,Rikitea,PF,2020-08-01 12:05:02,-23.12,-134.97,73.29,82,100,3.44
39,Kodinsk,RU,2020-08-01 12:05:02,58.69,99.18,73.27,59,96,4.85
40,Nikolskoye,RU,2020-08-01 12:00:36,59.7,30.79,64.4,52,75,8.95
41,Jamestown,US,2020-08-01 12:05:02,42.1,-79.24,64.4,77,1,4.7
42,Balikpapan,ID,2020-08-01 12:05:02,-1.27,116.83,76.57,91,61,6.29
43,East London,ZA,2020-08-01 12:05:02,-33.02,27.91,69.8,52,0,8.05
44,Dubbo,AU,2020-08-01 12:00:38,-32.25,148.62,42.8,93,0,4.7
45,Iqaluit,CA,2020-08-01 12:05:03,63.75,-68.51,57.2,87,75,16.11
46,Hithadhoo,MV,2020-08-01 12:05:03,-0.6,73.08,83.5,72,57,8.81
47,Beringovskiy,RU,2020-08-01 12:05:03,63.05,179.32,50.07,79,100,7.81
48,Maniitsoq,GL,2020-08-01 12:05:03,65.42,-52.9,45.59,95,100,16.22
49,Ostrovnoy,RU,2020-08-01 12:01:03,68.05,39.51,54.84,80,43,15.55
50,Padang,ID,2020-08-01 12:01:03,-0.95,100.35,79.61,76,99,2.39
51,Ponta Do Sol,PT,2020-08-01 12:05:03,32.67,-17.1,77.0,61,20,20.8
52,Bluff,NZ,2020-08-01 12:05:03,-46.6,168.33,52.74,79,98,10.42
53,Georgetown,MY,2020-08-01 12:05:04,5.41,100.34,87.8,58,20,4.7
54,Hilo,US,2020-08-01 12:02:50,19.73,-155.09,73.4,78,90,4.7
55,Betafo,MG,2020-08-01 12:05:04,-19.83,46.85,69.13,49,40,5.95
56,Longyearbyen,SJ,2020-08-01 12:00:13,78.22,15.64,48.2,87,0,5.82
57,Xining,CN,2020-08-01 12:02:03,36.62,101.77,77.0,39,1,11.61
58,Narsaq,GL,2020-08-01 12:05:04,60.92,-46.05,48.2,76,75,2.24
59,Labrea,BR,2020-08-01 12:05:04,-7.26,-64.8,74.5,59,8,1.92
60,Adrar,MR,2020-08-01 12:05:04,20.5,-10.07,102.47,22,0,16.33
61,Paita,PE,2020-08-01 12:05:04,-5.09,-81.11,61.09,87,3,12.1
62,Torbay,CA,2020-08-01 12:05:05,47.67,-52.73,63.0,100,90,8.05
63,Mount Gambier,AU,2020-08-01 12:05:05,-37.83,140.77,51.8,81,90,9.17
64,Ibadan,NG,2020-08-01 12:05:05,7.39,3.9,82.63,71,40,7.18
65,Cherskiy,RU,2020-08-01 12:05:05,68.75,161.3,42.57,83,100,9.71
66,Cabo San Lucas,MX,2020-08-01 12:01:20,22.89,-109.91,80.01,76,44,3.56
67,Feijo,BR,2020-08-01 12:00:18,-8.16,-70.35,69.46,72,5,2.24
68,Bantry,IE,2020-08-01 12:05:05,51.68,-9.45,64.4,72,20,9.17
69,Aklavik,CA,2020-08-01 12:05:05,68.22,-135.01,60.8,72,90,13.87
70,Abha,SA,2020-08-01 12:00:35,18.22,42.51,73.4,73,40,11.41
71,Marion,US,2020-08-01 12:01:36,39.77,-86.16,66.2,88,90,13.87
72,Oxford,GB,2020-08-01 12:01:50,51.75,-1.26,73.99,56,75,12.75
73,Dingle,PH,2020-08-01 12:05:06,11.0,122.67,78.06,83,100,2.57
74,Rio Gallegos,AR,2020-08-01 12:02:18,-51.62,-69.22,37.4,86,100,5.82
75,Mar Del Plata,AR,2020-08-01 12:00:09,-38.0,-57.56,48.0,100,9,3.36
76,Ambilobe,MG,2020-08-01 12:05:06,-13.2,49.05,90.77,34,2,3.36
77,Kamina,CD,2020-08-01 12:05:06,-8.74,24.99,89.94,23,5,6.33
78,Bahile,PH,2020-08-01 12:05:06,10.0,118.79,79.95,81,100,6.11
79,Lahaina,US,2020-08-01 12:05:06,20.88,-156.68,77.0,65,1,10.29
80,Poum,NC,2020-08-01 12:05:07,-20.23,164.02,69.17,73,2,26.75
81,Kapaa,US,2020-08-01 12:05:07,22.08,-159.32,78.8,74,75,16.11
82,Puerto Ayora,EC,2020-08-01 12:00:23,-0.74,-90.35,66.99,93,87,1.01
83,Lazaro Cardenas,MX,2020-08-01 12:05:07,17.96,-102.2,77.95,72,77,4.94
84,Yellowknife,CA,2020-08-01 12:00:41,62.46,-114.35,61.0,82,20,9.17
85,Saldanha,ZA,2020-08-01 12:05:07,-33.01,17.94,71.6,43,0,3.36
86,Yar-Sale,RU,2020-08-01 12:01:05,66.83,70.83,59.72,77,99,15.48
87,Bredasdorp,ZA,2020-08-01 12:05:07,-34.53,20.04,66.2,55,0,3.36
88,Fukue,JP,2020-08-01 12:05:07,32.69,128.84,81.48,78,79,8.37
89,Barrow,US,2020-08-01 12:05:08,71.29,-156.79,35.6,89,90,5.82
90,Itumbiara,BR,2020-08-01 12:05:08,-18.42,-49.22,72.57,55,45,15.39
91,Yenotayevka,RU,2020-08-01 12:05:08,47.25,47.03,94.44,23,1,16.82
92,New Norfolk,AU,2020-08-01 12:05:08,-42.78,147.06,55.4,58,20,9.17
93,Upernavik,GL,2020-08-01 12:05:08,72.79,-56.15,42.6,64,45,11.81
94,Boa Vista,BR,2020-08-01 12:00:34,2.82,-60.67,77.0,83,90,4.7
95,Nome,US,2020-08-01 12:05:08,64.5,-165.41,53.6,87,90,5.82
96,Pacific Grove,US,2020-08-01 12:05:08,36.62,-121.92,60.8,77,90,4.7
97,Kruisfontein,ZA,2020-08-01 12:00:17,-34.0,24.73,66.99,68,0,5.01
98,Esperance,AU,2020-08-01 12:00:13,-33.87,121.9,53.6,81,92,5.82
99,Sao Joao Da Barra,BR,2020-08-01 12:05:09,-21.64,-41.05,66.2,93,75,9.48
100,Castro,BR,2020-08-01 12:05:09,-24.79,-50.01,51.82,91,73,4.76
101,Qaanaaq,GL,2020-08-01 12:05:09,77.48,-69.36,37.89,73,1,6.76
102,Ahipara,NZ,2020-08-01 12:01:18,-35.17,173.17,56.86,84,100,14.83
103,Boyolangu,ID,2020-08-01 12:05:09,-8.12,111.89,72.9,85,28,6.58
104,Arraial Do Cabo,BR,2020-08-01 12:05:09,-22.97,-42.03,66.2,88,75,4.7
105,Ellensburg,US,2020-08-01 12:05:09,47.0,-120.55,69.8,49,1,23.04
106,Vaini,TO,2020-08-01 12:05:10,-21.2,-175.2,68.0,82,75,10.29
107,Bilasipara,IN,2020-08-01 12:05:10,26.23,90.23,88.47,74,87,5.99
108,Fallon,US,2020-08-01 12:05:10,39.47,-118.78,72.0,38,1,5.82
109,Bengkulu,ID,2020-08-01 12:05:10,-3.8,102.27,77.59,86,92,8.39
110,Tiksi,RU,2020-08-01 12:05:10,71.69,128.87,42.98,84,5,2.91
111,Osorno,CL,2020-08-01 12:05:10,-40.57,-73.15,46.4,93,100,10.29
112,Provideniya,RU,2020-08-01 12:05:10,64.38,-173.3,45.03,78,9,6.33
113,Bonavista,CA,2020-08-01 12:05:10,48.65,-53.11,57.0,77,73,3.0
114,Fortuna,US,2020-08-01 12:05:11,40.6,-124.16,55.99,95,75,1.99
115,Ventspils,LV,2020-08-01 12:05:11,57.39,21.56,71.6,56,0,11.41
116,Tuktoyaktuk,CA,2020-08-01 12:05:11,69.45,-133.04,49.21,85,99,12.82
117,Weiden,DE,2020-08-01 12:05:11,49.68,12.16,91.0,31,1,3.2
118,Dwarka,IN,2020-08-01 12:05:11,22.24,68.97,88.93,68,27,8.01
119,Kissidougou,GN,2020-08-01 12:05:11,9.18,-10.1,81.39,75,100,0.98
120,Constitucion,CL,2020-08-01 12:05:11,-35.33,-72.42,51.96,78,100,13.15
121,Goderich,CA,2020-08-01 12:05:11,43.75,-81.72,73.99,77,32,10.25
122,Chelno-Vershiny,RU,2020-08-01 12:05:11,54.43,51.1,64.9,84,100,10.98
123,Qasigiannguit,GL,2020-08-01 12:05:12,68.82,-51.19,42.8,100,90,3.36
124,Beloha,MG,2020-08-01 12:05:12,-25.17,45.05,71.47,48,1,14.07
125,Solnechnyy,RU,2020-08-01 12:05:12,50.72,136.63,60.69,95,100,4.47
126,Normal,US,2020-08-01 12:05:12,40.51,-88.99,64.99,100,90,5.82
127,Tasiilaq,GL,2020-08-01 12:05:12,65.61,-37.64,51.8,32,20,2.24
128,Chokurdakh,RU,2020-08-01 12:05:12,70.63,147.92,53.37,68,90,4.29
129,Manga,BF,2020-08-01 12:05:12,11.66,-1.07,83.28,68,78,14.14
130,Mahibadhoo,MV,2020-08-01 12:05:12,3.78,72.97,83.32,75,90,11.48
131,Severo-Kurilsk,RU,2020-08-01 12:05:13,50.68,156.12,52.27,89,59,12.55
132,Hobart,AU,2020-08-01 12:00:22,-42.88,147.33,59.0,58,20,9.17
133,Beipiao,CN,2020-08-01 12:05:13,41.79,120.78,78.42,67,57,10.74
134,Mumford,GH,2020-08-01 12:05:13,5.26,-0.76,77.29,77,82,11.92
135,Luderitz,NA,2020-08-01 12:05:13,-26.65,15.16,93.2,9,0,9.17
136,Nurota,UZ,2020-08-01 12:05:13,40.56,65.69,89.6,17,0,11.41
137,Urucara,BR,2020-08-01 12:05:13,-2.54,-57.76,81.34,49,21,2.1
138,Agirish,RU,2020-08-01 12:05:13,61.92,63.02,71.17,45,46,9.6
139,Port Elizabeth,ZA,2020-08-01 12:03:06,-33.92,25.57,64.4,72,40,5.82
140,Ammon,US,2020-08-01 12:00:18,43.47,-111.97,61.0,67,1,9.17
141,Quang Ngai,VN,2020-08-01 12:05:14,15.12,108.8,80.51,77,100,5.26
142,Kloulklubed,PW,2020-08-01 12:05:14,7.04,134.26,78.8,88,90,5.61
143,Sioux Lookout,CA,2020-08-01 12:05:14,50.1,-91.92,62.6,93,90,6.33
144,Berlevag,NO,2020-08-01 12:05:14,70.86,29.09,49.66,86,100,8.77
145,Vallenar,CL,2020-08-01 12:05:14,-28.57,-70.76,56.41,38,0,1.81
146,Faya,SA,2020-08-01 12:05:14,18.39,42.45,73.4,73,40,11.41
147,Ilulissat,GL,2020-08-01 12:05:14,69.22,-51.1,42.8,100,90,3.36
148,San Cristobal,VE,2020-08-01 12:05:14,7.77,-72.22,67.91,75,92,3.83
149,Damaturu,NG,2020-08-01 12:05:15,11.75,11.96,90.36,49,45,10.18
150,Chernyshevskiy,RU,2020-08-01 12:05:15,63.01,112.47,66.47,61,5,5.44
151,Ancud,CL,2020-08-01 12:00:25,-41.87,-73.82,50.0,94,100,1.99
152,San Jose Pinula,GT,2020-08-01 12:05:15,14.55,-90.41,62.6,82,40,9.17
153,Clyde River,CA,2020-08-01 12:05:15,70.47,-68.59,44.6,93,90,3.36
154,Souillac,MU,2020-08-01 12:05:15,-20.52,57.52,75.2,69,75,11.41
155,Faanui,PF,2020-08-01 12:05:15,-16.48,-151.75,77.2,83,7,15.28
156,Touros,BR,2020-08-01 12:05:15,-5.2,-35.46,77.0,83,75,10.29
157,Thompson,CA,2020-08-01 12:00:33,55.74,-97.86,48.2,93,20,4.34
158,Susanville,US,2020-08-01 12:05:15,40.42,-120.65,55.4,33,1,4.7
159,Sitka,US,2020-08-01 12:00:40,57.05,-135.33,62.6,77,20,8.05
160,Broome,US,2020-08-01 12:05:16,42.25,-75.83,64.0,100,67,1.01
161,Tucuman,AR,2020-08-01 12:04:30,-26.82,-65.22,44.6,65,0,9.17
162,Los Llanos De Aridane,ES,2020-08-01 12:05:16,28.66,-17.92,77.0,69,40,10.29
163,Plettenberg Bay,ZA,2020-08-01 12:05:16,-34.05,23.37,63.05,65,2,5.77
164,Muros,ES,2020-08-01 12:01:09,42.78,-9.06,78.01,50,11,8.01
165,Hasaki,JP,2020-08-01 12:05:16,35.73,140.83,73.0,94,75,8.05
166,Pevek,RU,2020-08-01 12:05:16,69.7,170.31,36.41,93,100,3.2
167,Khatanga,RU,2020-08-01 12:00:24,71.97,102.5,74.17,49,87,7.9
168,Stornoway,GB,2020-08-01 12:05:16,58.21,-6.39,59.0,82,75,13.87
169,Yulara,AU,2020-08-01 12:05:17,-25.24,130.99,59.0,16,0,8.05
170,Havoysund,NO,2020-08-01 12:05:17,71.0,24.66,50.0,87,75,8.05
171,Klaksvik,FO,2020-08-01 12:05:17,62.23,-6.59,55.4,87,10,16.11
172,Kodyma,UA,2020-08-01 12:05:17,48.1,29.12,69.01,60,34,12.17
173,Aksu,CN,2020-08-01 12:05:17,41.12,80.26,93.38,12,31,5.68
174,Bathsheba,BB,2020-08-01 12:05:17,13.22,-59.52,84.2,74,40,12.75
175,Noshiro,JP,2020-08-01 12:05:17,40.2,140.02,75.2,94,75,5.82
176,Avarua,CK,2020-08-01 12:00:32,-21.21,-159.78,62.6,88,100,3.36
177,Cockburn Town,TC,2020-08-01 12:00:19,21.46,-71.14,82.22,81,100,22.82
178,Mayor Pablo Lagerenza,PY,2020-08-01 12:05:18,-19.93,-60.77,71.92,56,1,4.99
179,Nan,TH,2020-08-01 12:05:18,18.83,100.67,82.4,83,20,8.05
180,Cabedelo,BR,2020-08-01 12:05:18,-6.98,-34.83,75.2,94,75,6.93
181,Morales,CO,2020-08-01 12:05:18,2.76,-76.62,58.32,73,99,3.09
182,Saskylakh,RU,2020-08-01 12:00:36,71.92,114.08,71.26,45,27,4.56
183,Grindavik,IS,2020-08-01 12:05:18,63.84,-22.43,53.6,87,75,11.41
184,Portland,US,2020-08-01 12:01:16,45.52,-122.68,61.0,82,1,2.75
185,Suntar,RU,2020-08-01 12:05:19,62.14,117.63,66.79,63,21,6.6
186,Dossor,KZ,2020-08-01 12:05:19,47.53,52.98,97.95,12,0,16.64
187,Hofn,IS,2020-08-01 12:01:23,64.25,-15.21,53.6,93,90,16.11
188,Ocampo,MX,2020-08-01 12:05:19,21.65,-101.5,54.18,96,20,4.09
189,Macau,MO,2020-08-01 12:05:19,22.2,113.55,82.4,83,40,19.46
190,Pahrump,US,2020-08-01 12:04:04,36.21,-115.98,84.0,15,0,5.01
191,Porto Velho,BR,2020-08-01 12:00:35,-8.76,-63.9,69.8,94,7,2.13
192,Tilichiki,RU,2020-08-01 12:05:19,60.47,166.1,51.08,91,98,2.82
193,Cidreira,BR,2020-08-01 12:05:20,-30.18,-50.21,59.68,75,12,2.08
194,Nixa,US,2020-08-01 12:05:20,37.04,-93.29,64.0,97,65,1.01
195,College,US,2020-08-01 12:05:20,64.86,-147.8,60.01,87,75,3.36
196,Ribeira Grande,PT,2020-08-01 12:05:20,38.52,-28.7,75.2,64,40,4.7
197,Pombal,BR,2020-08-01 12:05:20,-6.77,-37.8,80.74,52,7,10.04
198,Wangaratta,AU,2020-08-01 12:05:20,-36.37,146.33,39.99,100,90,4.7
199,Pisco,PE,2020-08-01 12:05:20,-13.7,-76.22,59.0,93,90,5.82
200,Hovd,MN,2020-08-01 12:05:20,48.01,91.64,66.49,33,2,8.46
201,Yarmolyntsi,UA,2020-08-01 12:05:20,49.19,26.84,69.01,59,73,8.99
202,Pangnirtung,CA,2020-08-01 12:05:21,66.15,-65.71,49.23,81,100,4.59
203,Dunedin,NZ,2020-08-01 12:05:21,-45.87,170.5,50.0,86,100,1.99
204,Garwa,IN,2020-08-01 12:05:21,24.18,83.82,92.8,57,71,1.61
205,Nanortalik,GL,2020-08-01 12:05:21,60.14,-45.24,45.81,82,54,12.35
206,Cochrane,CA,2020-08-01 12:00:42,51.18,-114.47,61.0,77,1,9.17
207,Uniara,IN,2020-08-01 12:05:21,26.15,75.22,92.44,52,59,9.33
208,Vardo,NO,2020-08-01 12:05:21,70.37,31.11,51.8,81,75,5.82
209,Bambous Virieux,MU,2020-08-01 12:05:21,-20.34,57.76,77.0,69,75,11.41
210,Makasar,ID,2020-08-01 12:05:21,-5.14,119.42,80.6,78,40,4.7
211,Vage,NO,2020-08-01 12:05:22,60.05,5.52,75.2,47,39,23.04
212,Manono,CD,2020-08-01 12:05:22,-7.3,27.42,95.76,21,3,9.06
213,Nabire,ID,2020-08-01 12:05:22,-3.37,135.48,77.47,87,93,3.42
214,Kargasok,RU,2020-08-01 12:05:22,59.06,80.86,71.02,58,73,8.52
215,Nouadhibou,MR,2020-08-01 12:05:22,20.93,-17.03,86.0,62,98,14.99
216,Guerrero Negro,MX,2020-08-01 12:05:22,27.98,-114.06,71.62,72,0,1.81
217,Laredo,US,2020-08-01 12:02:26,27.51,-99.51,73.4,94,75,8.05
218,Edson,CA,2020-08-01 12:05:22,53.58,-116.44,60.8,100,90,6.93
219,Codrington,AU,2020-08-01 12:05:23,-38.27,141.97,48.96,83,1,9.28
220,Jalingo,NG,2020-08-01 12:05:23,8.88,11.37,81.95,72,100,6.55
221,Lakeway,US,2020-08-01 12:05:23,30.36,-97.98,75.0,88,1,5.82
222,Puerto Princesa,PH,2020-08-01 12:05:23,9.74,118.74,81.37,78,100,5.73
223,Avera,US,2020-08-01 12:05:23,33.19,-82.53,75.99,87,1,3.36
224,Dicabisagan,PH,2020-08-01 12:05:23,17.08,122.42,79.9,82,100,7.36
225,Roma,US,2020-08-01 12:05:23,43.21,-75.46,63.0,82,1,1.72
226,Bridgewater,CA,2020-08-01 12:05:24,44.38,-64.52,73.99,76,0,3.0
227,Fare,PF,2020-08-01 12:05:24,-16.7,-151.02,77.94,80,0,16.53
228,Santana,BR,2020-08-01 12:05:24,-0.06,-51.18,78.8,100,1,4.7
229,Olinda,BR,2020-08-01 12:01:35,-8.01,-34.86,80.6,74,40,11.41
230,Petropavlovsk-Kamchatskiy,RU,2020-08-01 12:05:24,53.05,158.65,57.2,76,50,6.71
231,Hami,CN,2020-08-01 12:05:24,42.8,93.45,92.46,10,0,3.53
232,Karratha,AU,2020-08-01 12:05:24,-20.74,116.85,72.32,32,0,3.18
233,Belaya Gora,RU,2020-08-01 12:05:24,68.53,146.42,53.13,75,62,6.93
234,Ransang,PH,2020-08-01 12:05:24,8.96,117.58,80.74,75,100,2.89
235,Isaccea,RO,2020-08-01 12:05:24,45.27,28.47,82.4,30,2,14.99
236,Rancharia,BR,2020-08-01 12:05:25,-22.23,-50.89,62.58,72,0,12.15
237,Saint-Philippe,RE,2020-08-01 12:05:25,-21.36,55.77,75.2,73,75,18.34
238,Carnarvon,AU,2020-08-01 12:02:14,-24.87,113.63,66.2,77,83,12.75
239,Banff,CA,2020-08-01 12:05:25,51.18,-115.57,59.0,86,87,8.99
240,Dikson,RU,2020-08-01 12:05:25,73.51,80.55,50.68,93,99,3.83
241,Peniche,PT,2020-08-01 12:05:25,39.36,-9.38,79.0,80,57,11.01
242,Waipawa,NZ,2020-08-01 12:00:55,-41.41,175.52,48.2,87,100,1.12
243,Ghazipur,IN,2020-08-01 12:05:25,25.58,83.57,96.67,50,79,5.26
244,Koungou,YT,2020-08-01 12:05:25,-12.73,45.2,80.6,69,0,6.93
245,Hualmay,PE,2020-08-01 12:05:25,-11.1,-77.61,59.11,83,61,4.92
246,Wajima,JP,2020-08-01 12:05:26,37.4,136.9,74.88,86,14,4.79
247,Cermik,TR,2020-08-01 12:05:26,38.14,39.45,95.0,19,20,12.75
248,Quatre Cocos,MU,2020-08-01 12:05:26,-20.21,57.76,77.0,69,75,11.41
249,Chastyye,RU,2020-08-01 12:05:26,57.29,54.97,69.08,64,94,8.95
250,Namibe,AO,2020-08-01 12:01:39,-15.2,12.15,76.23,55,0,10.87
251,Bilma,NE,2020-08-01 12:05:26,18.69,12.92,100.11,28,40,7.85
252,Oistins,BB,2020-08-01 12:05:26,13.07,-59.53,84.2,74,40,12.75
253,Verkhnevilyuysk,RU,2020-08-01 12:05:26,63.45,120.32,66.0,60,0,2.82
254,Apodi,BR,2020-08-01 12:05:26,-5.66,-37.8,81.99,53,16,16.46
255,Rudnogorsk,RU,2020-08-01 12:05:27,57.26,103.75,57.94,97,100,9.73
256,Carlyle,US,2020-08-01 12:05:27,38.61,-89.37,64.99,96,100,1.01
257,Panama City,PA,2020-08-01 12:02:43,8.99,-79.52,77.0,94,20,3.36
258,Wilmington,US,2020-08-01 12:02:36,34.23,-77.94,84.99,78,1,9.17
259,Mnogovershinnyy,RU,2020-08-01 12:05:27,53.94,139.92,49.03,100,100,8.66
260,Carutapera,BR,2020-08-01 12:05:27,-1.2,-46.02,81.34,75,7,6.98
261,Geraldton,AU,2020-08-01 12:05:27,-28.77,114.6,60.8,82,65,11.41
262,Santa Isabel Do Rio Negro,BR,2020-08-01 12:05:27,-0.41,-65.02,76.15,70,65,1.52
263,Mto Wa Mbu,TZ,2020-08-01 12:05:27,-3.35,35.85,82.83,33,35,8.68
264,Kununurra,AU,2020-08-01 12:05:28,-15.77,128.73,66.2,26,6,1.12
265,Vestmanna,FO,2020-08-01 12:05:28,62.16,-7.17,55.4,87,35,16.11
266,Alugan,PH,2020-08-01 12:05:28,12.22,125.48,78.51,83,100,1.32
267,Iisaku,EE,2020-08-01 12:05:28,59.1,27.31,64.72,55,12,12.3
268,Mehamn,NO,2020-08-01 12:05:28,71.04,27.85,50.61,83,99,8.97
269,Kulykiv,UA,2020-08-01 12:05:28,50.31,24.82,69.01,74,79,13.33
270,Teya,RU,2020-08-01 12:05:28,60.38,92.63,70.86,52,92,3.44
271,Wanlaweyn,SO,2020-08-01 12:05:28,2.62,44.89,85.82,53,73,25.5
272,Kautokeino,NO,2020-08-01 12:05:28,69.01,23.04,60.57,68,83,5.26
273,Oyem,GA,2020-08-01 12:05:28,1.6,11.58,83.71,57,71,2.37
274,Zelenogorskiy,RU,2020-08-01 12:05:29,55.03,87.0,73.4,46,25,6.71
275,Marawi,PH,2020-08-01 12:05:29,8.0,124.29,75.0,94,100,7.0
276,Muriti,TZ,2020-08-01 12:05:29,-1.98,32.92,87.8,31,20,13.87
277,Sibolga,ID,2020-08-01 12:01:58,1.74,98.78,78.57,80,86,0.69
278,Hit,IQ,2020-08-01 12:05:29,33.64,42.83,113.13,7,0,15.5
279,Kaitangata,NZ,2020-08-01 12:05:29,-46.28,169.85,46.0,74,61,3.0
280,Hamilton,US,2020-08-01 12:05:29,39.18,-84.53,73.4,94,90,4.7
281,Nuevo Ideal,MX,2020-08-01 12:05:29,24.89,-105.07,60.21,80,60,2.15
282,Vao,NC,2020-08-01 12:05:29,-22.67,167.48,66.34,73,57,18.61
283,Darlowo,PL,2020-08-01 12:05:30,54.42,16.41,73.0,61,32,6.49
284,Curup,ID,2020-08-01 12:05:30,-3.47,102.53,68.86,90,90,0.85
285,Tinskoy,RU,2020-08-01 12:05:30,56.15,96.92,63.09,88,45,9.84
286,Port Lincoln,AU,2020-08-01 12:05:30,-34.73,135.87,55.11,89,4,7.09
287,Hanzhong,CN,2020-08-01 12:05:30,33.07,107.03,77.79,81,93,2.84
288,Kapuskasing,CA,2020-08-01 12:05:28,49.42,-82.43,59.0,87,75,2.24
289,Raymondville,US,2020-08-01 12:05:30,26.48,-97.78,81.0,94,90,5.39
290,Manzanillo,CU,2020-08-01 12:05:30,20.34,-77.12,79.47,86,91,4.36
291,Chuy,UY,2020-08-01 12:05:30,-33.7,-53.46,50.81,84,34,2.06
292,Talnakh,RU,2020-08-01 12:01:13,69.49,88.4,69.8,43,95,20.13
293,Matamoros,MX,2020-08-01 12:04:06,25.53,-103.25,68.0,77,96,2.77
294,Zyryanka,RU,2020-08-01 12:05:31,65.75,150.85,50.45,72,28,6.29
295,Buy,RU,2020-08-01 12:05:31,58.48,41.53,66.4,76,36,5.5
296,Saint George,US,2020-08-01 12:05:24,37.1,-113.58,80.6,21,1,3.36
297,Tuatapere,NZ,2020-08-01 12:01:45,-46.13,167.68,51.96,83,100,6.35
298,Harrismith,ZA,2020-08-01 12:05:31,-28.27,29.13,72.52,18,0,1.25
299,Victoria Point,AU,2020-08-01 12:05:31,-27.58,153.3,60.01,88,4,7.63
300,Del Rio,US,2020-08-01 12:04:18,29.36,-100.9,75.2,83,1,5.82
301,Namwala,ZM,2020-08-01 12:05:31,-15.75,26.44,78.85,16,0,10.94
302,Baghmara,IN,2020-08-01 12:05:32,23.8,86.21,93.2,55,83,2.26
303,Sijunjung,ID,2020-08-01 12:05:32,-0.69,100.95,75.79,88,99,0.56
304,Talas,TR,2020-08-01 12:05:32,38.69,35.55,86.0,27,0,9.17
305,Ulladulla,AU,2020-08-01 12:01:58,-35.35,150.47,53.6,62,3,8.05
306,Kaka,TM,2020-08-01 12:05:32,37.35,59.61,91.89,17,0,11.1
307,Langsa,ID,2020-08-01 12:05:32,4.47,97.97,79.32,83,71,1.16
308,Dhidhdhoo,MV,2020-08-01 12:05:32,6.88,73.1,82.76,77,100,17.11
309,Inhambane,MZ,2020-08-01 12:05:32,-23.86,35.38,73.4,60,40,8.05
310,Mahanoro,MG,2020-08-01 12:05:32,-19.9,48.8,72.81,63,51,9.44
311,Vestmannaeyjar,IS,2020-08-01 12:05:33,63.44,-20.27,57.2,82,75,6.93
312,Conde,BR,2020-08-01 12:05:33,-7.26,-34.91,75.2,94,75,6.93
313,Nanga Eboko,CM,2020-08-01 12:05:33,4.68,12.37,81.91,61,95,3.94
314,Hibbing,US,2020-08-01 12:05:33,47.43,-92.94,62.01,93,90,5.03
315,Evensk,RU,2020-08-01 12:05:33,61.95,159.23,54.77,61,35,10.74
316,Sokoni,TZ,2020-08-01 12:05:33,-6.43,39.55,84.2,48,20,20.8
317,Jiwani,PK,2020-08-01 12:05:33,25.05,61.74,85.69,78,59,18.48
318,Tchibanga,GA,2020-08-01 12:05:33,-2.85,11.03,90.46,39,64,3.31
319,Acapulco,MX,2020-08-01 12:05:33,16.86,-99.89,78.8,83,75,3.36
320,Ucluelet,CA,2020-08-01 12:05:33,48.93,-125.55,60.01,93,72,4.61
321,Flin Flon,CA,2020-08-01 12:01:44,54.77,-101.86,59.0,87,20,4.7
322,Beira,MZ,2020-08-01 12:05:34,-19.84,34.84,73.4,69,20,10.29
323,Chapais,CA,2020-08-01 12:05:34,49.78,-74.85,60.8,100,1,2.86
324,Taiyuan,CN,2020-08-01 12:05:34,37.87,112.56,78.8,54,40,20.13
325,Kidal,ML,2020-08-01 12:05:34,18.44,1.41,99.5,29,0,18.54
326,Rocha,UY,2020-08-01 12:05:34,-34.48,-54.33,48.94,86,41,3.02
327,Toora-Khem,RU,2020-08-01 12:05:34,52.47,96.11,52.27,87,100,4.7
328,Emborion,GR,2020-08-01 12:05:34,40.48,21.55,87.8,31,20,9.17
329,Umba,RU,2020-08-01 12:05:35,66.69,34.34,59.4,65,86,6.73
330,Port Blair,IN,2020-08-01 12:01:07,11.67,92.75,81.63,81,100,22.75
331,Tsabong,BW,2020-08-01 12:05:35,-26.02,22.4,76.28,18,0,10.22
332,Auki,SB,2020-08-01 12:05:35,-8.77,160.7,79.27,80,100,3.29
333,Naze,JP,2020-08-01 12:05:35,28.37,129.48,80.6,94,20,2.24
334,Ilinskiy,RU,2020-08-01 12:05:35,55.62,38.12,73.0,59,40,6.71
335,Kimparana,ML,2020-08-01 12:05:35,12.83,-4.92,84.72,62,99,1.32
336,Saint-Louis,SN,2020-08-01 12:05:35,16.33,-15.0,91.4,66,75,9.37
337,Jamame,SO,2020-08-01 12:05:35,0.07,42.75,83.77,55,26,22.24
338,Asau,RO,2020-08-01 12:05:35,46.43,26.4,72.0,60,80,4.72
339,Salto,UY,2020-08-01 12:05:36,-31.38,-57.97,51.01,93,3,2.24
340,Umkomaas,ZA,2020-08-01 12:05:36,-30.21,30.8,79.0,60,0,1.99
341,Taltal,CL,2020-08-01 12:05:36,-25.4,-70.48,56.17,63,0,0.63
342,Smithers,CA,2020-08-01 12:05:36,54.78,-127.17,62.6,72,40,5.82
343,Sao Filipe,CV,2020-08-01 12:05:36,14.9,-24.5,75.79,80,89,7.2
344,Tabou,CI,2020-08-01 12:01:46,4.42,-7.35,76.19,83,99,12.39
345,Siguiri,GN,2020-08-01 12:05:36,11.67,-9.5,77.5,79,100,2.77
346,Sola,VU,2020-08-01 12:05:36,-13.88,167.55,76.96,87,38,3.24
347,Blairmore,CA,2020-08-01 12:05:36,49.6,-114.44,57.99,93,1,4.7
348,Pervomaysk,UA,2020-08-01 12:05:37,48.04,30.85,74.75,45,43,9.4
349,Forio,IT,2020-08-01 12:05:37,40.73,13.86,90.0,86,0,4.0
350,Riyadh,SA,2020-08-01 12:02:07,24.69,46.72,114.8,10,50,5.82
351,Mogadishu,SO,2020-08-01 12:05:26,2.04,45.34,79.66,74,25,23.31
352,Sabang,ID,2020-08-01 12:05:37,5.89,95.32,84.16,73,100,23.96
353,Ridgecrest,US,2020-08-01 12:05:26,35.62,-117.67,68.0,30,1,4.21
354,Saint-Joseph,RE,2020-08-01 12:05:37,-21.37,55.62,75.2,73,75,18.34
355,Chernyanka,RU,2020-08-01 12:05:37,50.94,37.81,69.98,57,13,10.2
356,Bitung,ID,2020-08-01 12:05:37,1.45,125.18,75.2,100,40,1.12
357,Awbari,LY,2020-08-01 12:05:38,26.59,12.78,102.78,12,0,7.18
358,Redlands,US,2020-08-01 12:05:26,34.06,-117.18,75.2,33,1,0.6
359,Am Timan,TD,2020-08-01 12:05:38,11.03,20.28,88.32,54,95,7.4
360,Uruguaiana,BR,2020-08-01 12:05:38,-29.75,-57.09,59.77,86,13,7.49
361,Manaus,BR,2020-08-01 12:05:38,-3.1,-60.02,80.6,78,61,2.24
362,Bandarbeyla,SO,2020-08-01 12:00:47,9.49,50.81,90.84,41,56,28.05
363,Yumen,CN,2020-08-01 12:05:38,40.28,97.2,83.53,12,16,5.95
364,Kenora,CA,2020-08-01 12:05:38,49.82,-94.43,62.6,93,90,9.17
365,Ishigaki,JP,2020-08-01 12:05:38,24.34,124.16,84.2,89,40,10.29
366,Eureka,US,2020-08-01 12:05:07,40.8,-124.16,55.0,100,76,2.73
367,Paamiut,GL,2020-08-01 12:05:39,61.99,-49.67,45.59,89,100,10.31
368,Rabo De Peixe,PT,2020-08-01 12:05:39,37.8,-25.58,73.4,64,20,5.82
369,Bahir Dar,ET,2020-08-01 12:05:39,11.59,37.39,62.65,89,100,6.53
370,North Bend,US,2020-08-01 12:05:39,43.41,-124.22,57.2,93,20,4.7
371,Litovko,RU,2020-08-01 12:05:39,49.24,135.17,67.23,97,93,4.63
372,Coquimbo,CL,2020-08-01 12:05:39,-29.95,-71.34,48.2,93,36,3.36
373,Tommot,RU,2020-08-01 12:05:39,58.96,126.29,59.83,86,55,5.3
374,Sisimiut,GL,2020-08-01 12:05:39,66.94,-53.67,45.32,93,100,5.37
375,Tevriz,RU,2020-08-01 12:05:40,57.51,72.4,76.55,78,66,6.33
376,Xuddur,SO,2020-08-01 12:05:40,4.12,43.89,84.61,46,58,23.44
377,Labuhan,ID,2020-08-01 12:05:40,-6.88,112.21,79.83,77,35,6.91
378,San Patricio,MX,2020-08-01 12:05:40,19.22,-104.7,78.28,78,89,3.74
379,Tshikapa,CD,2020-08-01 12:05:40,-6.42,20.8,104.77,15,1,3.6
380,Port Augusta,AU,2020-08-01 12:01:21,-32.5,137.77,51.8,50,98,5.82
381,Hirado,JP,2020-08-01 12:05:40,33.36,129.55,82.4,78,75,8.05
382,Opuwo,NA,2020-08-01 12:01:32,-18.06,13.84,81.34,16,0,16.06
383,Lorengau,PG,2020-08-01 12:05:40,-2.02,147.27,82.27,79,100,8.77
384,Srednekolymsk,RU,2020-08-01 12:05:41,67.45,153.68,49.08,78,100,3.58
385,Namatanai,PG,2020-08-01 12:05:41,-3.67,152.43,79.07,85,100,9.89
386,Maldonado,UY,2020-08-01 12:01:47,-34.67,-54.92,48.99,100,51,4.7
387,Luangwa,ZM,2020-08-01 12:05:41,-15.62,30.42,78.44,31,13,9.91
388,Zhanakorgan,KZ,2020-08-01 12:05:41,43.91,67.25,87.12,28,82,18.39
389,Sao Jose Da Coroa Grande,BR,2020-08-01 12:05:41,-8.9,-35.15,77.07,82,33,13.98
390,Kasongo-Lunda,CD,2020-08-01 12:05:41,-6.47,16.82,103.57,14,0,1.19
391,Natchitoches,US,2020-08-01 12:05:41,31.77,-93.13,71.6,100,90,4.23
392,Kutum,SD,2020-08-01 12:05:41,14.2,24.67,68.31,86,100,16.17
393,Kavaratti,IN,2020-08-01 12:05:42,10.57,72.64,81.77,79,100,20.67
394,Saint-Augustin,CA,2020-08-01 12:05:42,51.23,-58.65,58.89,82,100,10.65
395,Kousseri,CM,2020-08-01 12:05:42,12.08,15.03,87.8,62,20,9.17
396,Anadyr,RU,2020-08-01 12:05:42,64.75,177.48,50.0,87,75,15.66
397,Adana,TR,2020-08-01 12:05:42,36.98,35.29,98.6,47,0,11.41
398,Fairbanks,US,2020-08-01 12:05:32,64.84,-147.72,60.01,82,90,4.03
399,Ahome,MX,2020-08-01 12:05:42,25.92,-109.18,78.01,93,98,3.0
400,Tukrah,LY,2020-08-01 12:05:42,32.53,20.58,87.24,51,0,11.1
401,Clarence Town,AU,2020-08-01 12:05:42,-32.58,151.78,52.0,93,0,3.36
402,Brae,GB,2020-08-01 12:05:42,60.4,-1.35,57.2,87,20,9.17
403,Edd,ER,2020-08-01 12:05:43,13.93,41.69,91.76,54,42,2.84
404,Alyangula,AU,2020-08-01 12:05:43,-13.85,136.42,71.6,83,47,4.7
405,Gat,IL,2020-08-01 12:04:24,31.61,34.76,91.99,52,0,4.0
406,Palmer,US,2020-08-01 12:05:43,42.16,-72.33,70.0,73,1,3.22
407,Isangel,VU,2020-08-01 12:00:55,-19.55,169.27,71.44,88,100,16.62
408,Penalva,BR,2020-08-01 12:01:33,-3.29,-45.17,80.98,64,13,4.68
409,Patu,BR,2020-08-01 12:05:43,-6.11,-37.64,80.06,55,14,16.93
410,Port Hedland,AU,2020-08-01 12:05:43,-20.32,118.57,66.2,37,0,8.05
411,Antalaha,MG,2020-08-01 12:05:43,-14.9,50.28,76.71,73,26,16.49
412,Cascais,PT,2020-08-01 12:05:43,38.7,-9.42,80.01,57,20,16.11
413,Siedlce,PL,2020-08-01 12:05:44,52.17,22.29,75.0,44,78,10.07
414,Ca Mau,VN,2020-08-01 12:00:55,9.18,105.15,78.87,87,100,9.17
415,Norman Wells,CA,2020-08-01 12:05:44,65.28,-126.83,62.6,77,5,5.82
416,Rosarito,MX,2020-08-01 12:05:44,32.33,-117.03,69.8,77,0,5.82
417,Puerto Lleras,CO,2020-08-01 12:05:44,3.02,-73.4,71.06,88,92,3.49
418,Avanigadda,IN,2020-08-01 12:05:44,16.02,80.92,89.6,79,75,5.82
419,Talara,PE,2020-08-01 12:05:44,-4.58,-81.27,62.94,83,0,16.02
420,Oranjemund,NA,2020-08-01 12:05:44,-28.55,16.43,82.78,15,0,14.29
421,Peterhead,GB,2020-08-01 12:05:44,57.51,-1.8,62.01,87,75,2.24
422,Bethel,US,2020-08-01 12:05:44,41.37,-73.41,69.8,83,1,4.0
423,Novyy Rogachik,RU,2020-08-01 12:05:45,48.68,44.06,66.2,93,75,13.42
424,Yerbogachen,RU,2020-08-01 12:03:34,61.28,108.01,67.39,65,20,7.34
425,Stulovo,RU,2020-08-01 12:05:45,58.72,50.14,68.07,62,76,5.55
426,Victoria,HK,2020-08-01 12:05:45,22.29,114.16,81.0,88,100,15.99
427,Aitape,PG,2020-08-01 12:05:45,-3.14,142.35,79.59,79,100,4.05
428,Tiarei,PF,2020-08-01 12:05:45,-17.53,-149.33,73.4,83,20,4.7
429,Port-Gentil,GA,2020-08-01 12:01:35,-0.72,8.78,84.2,62,20,9.44
430,Naravarikuppam,IN,2020-08-01 12:05:45,13.2,80.17,91.4,63,75,8.05
431,Pandan,PH,2020-08-01 12:05:45,14.05,124.17,79.18,82,100,7.92
432,Warri,NG,2020-08-01 12:05:46,5.52,5.75,85.17,58,30,7.9
433,Okhotsk,RU,2020-08-01 12:05:46,59.38,143.3,53.62,76,7,4.34
434,Bani,DO,2020-08-01 12:05:46,18.28,-70.33,80.01,100,83,7.14
435,Mezen,RU,2020-08-01 12:05:46,65.85,44.24,53.64,91,98,9.82
436,Bushenyi,UG,2020-08-01 12:05:46,-0.59,30.21,84.83,25,18,6.64
437,Abu Samrah,SY,2020-08-01 12:05:46,35.3,37.18,101.19,19,0,22.21
438,Lethem,GY,2020-08-01 12:05:46,3.38,-59.8,74.43,89,89,6.46
439,Vila Velha,BR,2020-08-01 12:01:25,-20.33,-40.29,66.2,93,75,5.82
440,Buraydah,SA,2020-08-01 12:05:47,26.33,43.98,116.6,17,20,3.36
441,Te Anau,NZ,2020-08-01 12:05:47,-45.42,167.72,49.08,90,100,2.77
442,Glarus,CH,2020-08-01 12:05:07,47.04,9.07,88.0,15,21,6.2
443,Kadoma,JP,2020-08-01 12:05:47,34.73,135.58,87.01,66,20,4.7
444,Heerhugowaard,NL,2020-08-01 12:05:47,52.67,4.85,75.99,76,89,5.01
445,Dori,BF,2020-08-01 12:05:47,14.04,-0.03,91.17,44,55,16.22
446,Wanning,CN,2020-08-01 12:05:47,18.8,110.4,81.45,84,87,18.75
447,Troy,US,2020-08-01 12:02:54,42.61,-83.15,68.0,88,1,4.7
448,Haines Junction,CA,2020-08-01 12:05:48,60.75,-137.51,56.17,76,53,0.4
449,Tessalit,ML,2020-08-01 12:05:48,20.2,1.01,103.75,19,0,18.01
450,Tongzhou,CN,2020-08-01 12:05:48,39.91,116.6,78.8,61,82,11.18
451,Salalah,OM,2020-08-01 12:03:16,17.02,54.09,86.0,79,40,13.87
452,Port Angeles,US,2020-08-01 12:05:48,48.12,-123.43,54.0,93,1,3.36
453,Sidmouth,GB,2020-08-01 12:05:48,50.69,-3.24,69.8,64,40,14.99
454,Svetlogorsk,BY,2020-08-01 12:05:48,52.63,29.73,67.78,60,84,9.86
455,Balkhash,KZ,2020-08-01 12:05:48,46.84,74.98,89.6,18,56,20.13
456,Batagay-Alyta,RU,2020-08-01 12:05:48,67.8,130.41,59.86,45,14,4.16
457,Kirakira,SB,2020-08-01 12:05:49,-10.45,161.92,80.2,77,87,0.98
458,Ojinaga,MX,2020-08-01 12:05:49,29.57,-104.42,80.6,51,1,8.05
459,Boffa,GN,2020-08-01 12:05:49,10.17,-14.03,84.38,75,79,5.55
460,Jacareacanga,BR,2020-08-01 12:05:49,-6.22,-57.75,77.5,47,9,3.42
461,Skjervoy,NO,2020-08-01 12:05:49,70.03,20.97,52.2,94,86,7.14
462,Honefoss,NO,2020-08-01 12:04:05,60.17,10.26,75.99,53,40,9.17
463,Saint-Georges,GD,2020-08-01 12:04:10,12.06,-61.75,80.6,88,40,9.17
464,Gueret,FR,2020-08-01 12:05:49,46.17,1.87,87.01,64,52,9.17
465,Azuaga,ES,2020-08-01 12:05:49,38.27,-5.68,95.0,8,0,8.99
466,Sinnamary,GF,2020-08-01 12:01:59,5.38,-52.95,80.96,76,35,4.07
467,Mount Isa,AU,2020-08-01 12:05:50,-20.73,139.5,55.4,35,0,9.95
468,Alofi,NU,2020-08-01 12:05:50,-19.06,-169.92,60.8,93,23,1.12
469,Brownfield,US,2020-08-01 12:05:50,33.18,-102.27,66.99,70,48,3.98
470,Sooke,CA,2020-08-01 12:03:32,48.37,-123.73,57.99,90,5,1.99
471,Tura,IN,2020-08-01 12:05:50,25.52,90.22,82.67,82,100,1.81
472,Roald,NO,2020-08-01 12:05:50,62.58,6.13,73.4,60,61,8.05
473,Rawson,AR,2020-08-01 12:05:50,-43.3,-65.1,51.22,53,100,25.26
474,Leshukonskoye,RU,2020-08-01 12:05:50,64.9,45.76,58.05,83,76,6.87
475,Karasburg,NA,2020-08-01 12:05:50,-28.02,18.75,79.29,14,0,17.63
476,Narayangarh,IN,2020-08-01 12:05:50,30.48,77.13,95.32,48,32,8.7
477,Jumla,NP,2020-08-01 12:05:51,29.27,82.18,70.07,65,92,3.56
478,Buedu,SL,2020-08-01 12:05:51,8.28,-10.37,74.66,92,100,2.55
479,Aasiaat,GL,2020-08-01 12:05:51,68.71,-52.87,41.9,96,100,12.08
480,Sabha,LY,2020-08-01 12:05:51,27.04,14.43,101.12,13,0,8.12
481,Palatka,US,2020-08-01 12:05:51,29.65,-81.64,78.01,100,1,3.36
482,Leon,MX,2020-08-01 12:04:22,21.12,-101.67,60.8,100,75,2.21
483,Catuday,PH,2020-08-01 12:05:51,16.29,119.81,78.78,89,100,14.63
484,Coahuayana,MX,2020-08-01 12:05:51,18.73,-103.68,76.89,76,93,3.94
485,Mantua,IT,2020-08-01 12:05:51,45.17,10.78,96.01,56,0,3.36
486,Santiago,CL,2020-08-01 12:05:10,-33.46,-70.65,53.01,76,100,5.82
487,Tianpeng,CN,2020-08-01 12:05:51,30.99,103.94,84.99,99,86,4.09
488,Kalmunai,LK,2020-08-01 12:01:34,7.42,81.82,88.74,65,82,1.72
489,Strezhevoy,RU,2020-08-01 12:05:52,60.73,77.59,71.6,56,90,13.42
490,Pundaguitan,PH,2020-08-01 12:05:52,6.37,126.17,81.91,75,100,3.71
491,Kachug,RU,2020-08-01 12:05:52,53.96,105.88,61.16,92,100,5.44
492,Khasan,RU,2020-08-01 12:05:52,42.43,130.64,68.81,95,91,3.49
493,Matagami,CA,2020-08-01 12:05:52,49.75,-77.63,55.4,93,1,3.09
494,Waingapu,ID,2020-08-01 12:05:52,-9.66,120.26,71.49,73,23,10.0
495,Airai,TL,2020-08-01 12:05:52,-8.93,125.41,54.23,100,32,3.76
496,Katsuura,JP,2020-08-01 12:05:53,35.13,140.3,77.0,83,75,8.05
497,Ust-Nera,RU,2020-08-01 12:05:53,64.57,143.2,53.83,53,15,1.83
498,Eau Claire,US,2020-08-01 12:04:50,44.81,-91.5,61.0,91,0,3.91
499,Ponta Delgada,PT,2020-08-01 12:05:53,37.73,-25.67,73.4,64,20,5.82
500,Saint-Francois,FR,2020-08-01 12:05:53,46.42,3.91,90.0,48,0,8.05
501,Hay River,CA,2020-08-01 12:05:53,60.82,-115.8,62.6,82,40,8.05
502,Sao Miguel Do Araguaia,BR,2020-08-01 12:05:53,-13.28,-50.16,77.02,38,0,14.41
503,Ternate,ID,2020-08-01 12:05:53,0.8,127.4,81.21,77,96,2.08
504,Misratah,LY,2020-08-01 12:05:53,32.38,15.09,88.2,43,0,12.55
505,Severnyy,RU,2020-08-01 12:05:54,50.68,36.55,69.8,49,15,11.18
506,Ketchikan,US,2020-08-01 12:05:54,55.34,-131.65,62.6,93,90,10.29
507,Aswan,EG,2020-08-01 12:05:54,24.09,32.91,114.64,11,10,8.77
508,Toamasina,MG,2020-08-01 12:05:54,-18.17,49.38,75.2,64,75,21.92
509,Pringsewu,ID,2020-08-01 12:05:54,-5.36,104.97,74.28,79,43,1.43
510,Freetown,SL,2020-08-01 12:05:54,8.48,-13.23,81.72,78,100,1.54
511,Altay,CN,2020-08-01 12:05:54,47.87,88.12,78.69,23,0,6.78
512,Mandurah,AU,2020-08-01 12:01:07,-32.55,115.7,60.01,73,45,8.5
513,San Vicente,AR,2020-08-01 12:05:54,-26.62,-54.13,63.95,75,0,2.91
514,Thinadhoo,MV,2020-08-01 12:05:55,0.53,72.93,83.57,76,6,11.83
515,Puerto Escondido,MX,2020-08-01 12:05:55,15.85,-97.07,75.2,83,5,5.82
516,Manadhoo,MV,2020-08-01 12:05:55,5.77,73.38,82.81,76,100,14.58
517,Flinders,AU,2020-08-01 12:05:55,-34.58,150.86,53.01,80,0,1.01
518,Oussouye,SN,2020-08-01 12:05:55,12.48,-16.55,84.2,83,75,4.7
519,Sungairaya,ID,2020-08-01 12:05:55,0.7,108.9,80.1,82,34,8.37
520,Kalmar,SE,2020-08-01 12:05:55,56.66,16.36,73.4,49,27,5.82
521,Mandalgovi,MN,2020-08-01 12:05:55,45.76,106.27,59.29,70,100,25.41
522,Nyagan,RU,2020-08-01 12:05:55,62.14,65.39,74.48,42,19,9.46
523,Ferry Pass,US,2020-08-01 12:05:55,30.51,-87.21,82.0,88,20,4.7
524,Gizo,SB,2020-08-01 12:05:56,-8.1,156.84,79.57,83,100,6.46
525,Langarud,IR,2020-08-01 12:05:56,37.2,50.15,86.0,62,75,6.93
526,Hobyo,SO,2020-08-01 12:05:56,5.35,48.53,83.19,57,18,31.54
527,Maxixe,MZ,2020-08-01 12:05:56,-23.86,35.35,73.4,60,40,8.05
528,Posse,BR,2020-08-01 12:05:56,-14.09,-46.37,68.02,54,0,16.87
529,Nishihara,JP,2020-08-01 12:05:56,26.18,127.76,86.0,79,75,10.29
530,Los Andes,CL,2020-08-01 12:05:56,-32.83,-70.6,52.0,99,100,2.04
531,Maceio,BR,2020-08-01 12:02:51,-9.67,-35.74,75.2,88,40,6.93
532,Xinzhi,CN,2020-08-01 12:05:57,36.5,111.7,81.34,69,100,9.73
533,San Quintin,MX,2020-08-01 12:05:57,30.48,-115.95,69.19,75,0,7.72
534,Hutchinson,US,2020-08-01 12:05:57,38.06,-97.93,62.01,87,1,5.82
535,Port-Cartier,CA,2020-08-01 12:05:57,50.03,-66.87,63.0,93,5,2.24
536,San Joaquin,VE,2020-08-01 12:05:57,10.26,-67.79,75.87,78,1,3.42
537,Jiuquan,CN,2020-08-01 12:05:57,39.74,98.52,84.2,13,4,10.07
538,Turukhansk,RU,2020-08-01 12:05:57,65.82,87.98,66.78,54,94,4.12
539,Sekondi,GH,2020-08-01 12:05:57,4.94,-1.71,78.22,75,98,9.91
540,Marzuq,YE,2020-08-01 12:05:57,14.4,46.47,87.53,42,0,10.89
541,Gemena,CD,2020-08-01 12:05:58,3.25,19.77,91.58,45,15,3.56
542,Jardim,BR,2020-08-01 12:05:58,-21.48,-56.14,72.55,55,0,8.16
543,Ngunguru,NZ,2020-08-01 12:05:58,-35.62,174.5,59.0,3,100,11.01
544,Ixtapa,MX,2020-08-01 12:05:58,20.7,-105.2,79.0,94,40,3.36
545,Atambua,ID,2020-08-01 12:02:04,-9.11,124.89,67.98,83,6,4.85
546,Mocajuba,BR,2020-08-01 12:05:58,-2.58,-49.51,81.0,53,5,2.62
547,Atar,MR,2020-08-01 12:05:58,20.52,-13.05,98.15,33,0,10.25
