City_ID,City,Country,Date,Lat,Lng,Max Temp,Humidity,Cloudiness,Wind Speed,Current Description
0,Victoria,HK,2020-08-02 22:00:08,22.29,114.16,79.0,88,100,8.99,light rain
1,Mahebourg,MU,2020-08-02 22:03:47,-20.41,57.7,69.8,68,75,12.75,broken clouds
2,Walvis Bay,NA,2020-08-02 21:53:55,-22.96,14.51,73.4,16,0,11.41,clear sky
3,Bubaque,GW,2020-08-02 22:03:47,11.28,-15.83,80.98,84,99,11.63,overcast clouds
4,Paragominas,BR,2020-08-02 22:01:07,-2.97,-47.48,82.4,56,76,2.82,broken clouds
5,Ponta Do Sol,PT,2020-08-02 22:03:47,32.67,-17.1,71.6,68,20,17.22,few clouds
6,Vaini,TO,2020-08-02 22:03:48,-21.2,-175.2,73.4,88,75,10.29,broken clouds
7,Georgetown,MY,2020-08-02 22:01:45,5.41,100.34,82.4,78,20,5.82,few clouds
8,Gombe,NG,2020-08-02 22:03:48,10.29,11.17,73.11,91,99,7.58,overcast clouds
9,Hobart,AU,2020-08-02 22:03:48,-42.88,147.33,46.4,65,75,8.05,light rain
10,Hermanus,ZA,2020-08-02 22:01:19,-34.42,19.23,59.63,70,0,5.99,clear sky
11,Kodiak,US,2020-08-02 22:03:48,57.79,-152.41,59.0,77,90,6.93,overcast clouds
12,Mar Del Plata,AR,2020-08-02 22:03:48,-38.0,-57.56,53.6,71,97,8.05,overcast clouds
13,Codrington,AU,2020-08-02 21:53:56,-38.27,141.97,46.92,78,36,11.14,scattered clouds
14,Bengkulu,ID,2020-08-02 21:54:12,-3.8,102.27,74.61,92,43,3.38,scattered clouds
15,Hofn,IS,2020-08-02 21:59:37,64.25,-15.21,51.53,90,100,5.97,overcast clouds
16,Nuuk,GL,2020-08-02 22:03:49,64.18,-51.72,46.4,100,100,2.33,fog
17,Mataura,NZ,2020-08-02 22:03:49,-46.19,168.86,48.96,93,35,1.81,scattered clouds
18,Yellowknife,CA,2020-08-02 22:00:35,62.46,-114.35,80.6,54,75,17.22,broken clouds
19,Villa Maria,AR,2020-08-02 22:03:49,-32.41,-63.24,66.99,70,71,1.99,broken clouds
20,Tiksi,RU,2020-08-02 21:53:51,71.69,128.87,44.91,84,100,5.3,overcast clouds
21,Hilo,US,2020-08-02 22:03:50,19.73,-155.09,82.4,58,90,6.93,overcast clouds
22,Lavrentiya,RU,2020-08-02 22:03:50,65.58,-171.0,47.79,68,77,9.66,broken clouds
23,Luang Prabang,LA,2020-08-02 21:54:00,19.89,102.13,75.99,89,100,2.73,light rain
24,Genthin,DE,2020-08-02 22:03:50,52.4,12.17,64.0,80,99,1.01,overcast clouds
25,Dikson,RU,2020-08-02 22:03:50,73.51,80.55,52.5,81,63,8.95,broken clouds
26,Basoko,CD,2020-08-02 21:54:08,1.24,23.62,73.0,91,99,2.3,light rain
27,Pacific Grove,US,2020-08-02 22:03:50,36.62,-121.92,71.6,68,40,11.41,scattered clouds
28,Ushuaia,AR,2020-08-02 22:03:51,-54.8,-68.3,41.0,86,24,10.29,few clouds
29,Quisqueya,DO,2020-08-02 22:03:51,18.56,-69.41,87.8,70,40,6.93,scattered clouds
30,Bethel,US,2020-08-02 22:03:51,41.37,-73.41,84.2,79,40,11.41,scattered clouds
31,Acapulco,MX,2020-08-02 22:02:00,16.86,-99.89,89.6,70,20,6.93,few clouds
32,Broome,US,2020-08-02 21:53:58,42.25,-75.83,88.0,45,75,13.87,broken clouds
33,Okha,RU,2020-08-02 21:54:01,53.57,142.95,54.01,88,98,12.68,overcast clouds
34,Rikitea,PF,2020-08-02 22:03:51,-23.12,-134.97,72.91,79,76,13.27,broken clouds
35,Kapaa,US,2020-08-02 22:03:51,22.08,-159.32,84.2,66,40,12.75,scattered clouds
36,Marystown,CA,2020-08-02 21:54:07,47.17,-55.15,65.08,80,14,9.6,few clouds
37,Klaksvik,FO,2020-08-02 21:58:54,62.23,-6.59,50.0,100,99,12.75,drizzle
38,Gamba,GA,2020-08-02 22:03:52,-2.65,10.0,71.8,78,95,6.13,overcast clouds
39,Itacare,BR,2020-08-02 22:03:52,-14.28,-39.0,72.36,77,0,12.28,light rain
40,Emerald,AU,2020-08-02 22:03:52,-23.53,148.17,53.6,81,90,3.36,overcast clouds
41,Avarua,CK,2020-08-02 22:03:52,-21.21,-159.78,71.6,64,0,5.82,clear sky
42,Fiesole,IT,2020-08-02 22:03:52,43.8,11.29,80.01,69,0,3.36,clear sky
43,Tilichiki,RU,2020-08-02 22:03:52,60.47,166.1,56.41,69,91,0.74,overcast clouds
44,Port Alfred,ZA,2020-08-02 21:58:57,-33.59,26.89,72.5,22,0,13.51,clear sky
45,Torbay,CA,2020-08-02 22:03:53,47.67,-52.73,62.6,82,75,11.41,broken clouds
46,Sao Filipe,CV,2020-08-02 22:03:53,14.9,-24.5,78.42,87,71,7.0,broken clouds
47,Cabo San Lucas,MX,2020-08-02 22:03:53,22.89,-109.91,91.4,52,20,13.87,few clouds
48,Port Elizabeth,ZA,2020-08-02 22:03:53,-33.92,25.57,64.4,52,0,8.05,clear sky
49,Cherskiy,RU,2020-08-02 21:53:59,68.75,161.3,51.6,68,78,1.16,broken clouds
50,Puerto Ayora,EC,2020-08-02 22:03:53,-0.74,-90.35,75.2,73,75,18.34,broken clouds
51,Marsa Matruh,EG,2020-08-02 22:03:54,31.35,27.25,78.8,83,20,9.17,few clouds
52,Albany,US,2020-08-02 22:03:54,42.6,-73.97,87.01,65,47,9.8,light rain
53,Iqaluit,CA,2020-08-02 22:00:12,63.75,-68.51,51.8,81,75,3.36,broken clouds
54,Buin,CL,2020-08-02 22:03:54,-33.73,-70.75,68.0,28,11,3.36,few clouds
55,Bluff,NZ,2020-08-02 22:01:04,-46.6,168.33,47.21,92,68,6.38,broken clouds
56,Bredasdorp,ZA,2020-08-02 22:03:54,-34.53,20.04,44.6,93,0,2.24,clear sky
57,Comodoro Rivadavia,AR,2020-08-02 22:03:55,-45.87,-67.5,53.6,46,57,9.17,broken clouds
58,Tezu,IN,2020-08-02 22:03:55,27.92,96.17,79.2,73,15,2.28,few clouds
59,Punta Arenas,CL,2020-08-02 22:03:55,-53.15,-70.92,39.2,80,24,6.93,few clouds
60,Qaanaaq,GL,2020-08-02 22:03:55,77.48,-69.36,38.44,87,100,9.44,light rain
61,Tuktoyaktuk,CA,2020-08-02 22:03:55,69.45,-133.04,46.4,93,90,16.11,light rain
62,Kaitangata,NZ,2020-08-02 21:54:05,-46.28,169.85,50.0,84,100,3.0,overcast clouds
63,Beringovskiy,RU,2020-08-02 21:54:26,63.05,179.32,47.75,74,100,17.18,overcast clouds
64,Jalu,LY,2020-08-02 21:53:56,29.03,21.55,82.54,46,0,9.71,clear sky
65,Te Anau,NZ,2020-08-02 22:03:56,-45.42,167.72,47.37,87,40,1.05,scattered clouds
66,Sampit,ID,2020-08-02 22:03:56,-2.53,112.95,73.13,99,86,1.86,moderate rain
67,Clyde River,CA,2020-08-02 22:03:56,70.47,-68.59,53.6,76,90,9.17,light rain
68,Yar-Sale,RU,2020-08-02 22:03:56,66.83,70.83,62.62,61,99,14.41,overcast clouds
69,Krasnohrad,UA,2020-08-02 22:03:56,49.38,35.44,54.79,92,2,5.3,clear sky
70,Biak,ID,2020-08-02 22:03:57,-0.91,122.88,74.5,85,100,2.68,overcast clouds
71,Chinsali,ZM,2020-08-02 22:03:57,-10.54,32.08,54.84,66,51,7.0,broken clouds
72,Pevek,RU,2020-08-02 22:03:57,69.7,170.31,37.11,93,100,3.13,overcast clouds
73,Ancud,CL,2020-08-02 21:54:03,-41.87,-73.82,53.01,87,90,14.99,overcast clouds
74,Rawlins,US,2020-08-02 22:03:57,41.79,-107.24,87.8,14,20,6.93,few clouds
75,Airai,TL,2020-08-02 21:54:01,-8.93,125.41,52.0,92,55,2.59,broken clouds
76,Tura,IN,2020-08-02 22:02:09,25.52,90.22,77.56,83,39,1.9,scattered clouds
77,Doha,QA,2020-08-02 22:01:23,25.29,51.53,96.01,75,0,4.7,clear sky
78,Karaton,ID,2020-08-02 22:03:58,-6.34,106.1,77.0,83,40,5.82,haze
79,Garowe,SO,2020-08-02 22:03:58,8.41,48.48,79.14,44,3,16.13,clear sky
80,Izhmorskiy,RU,2020-08-02 22:03:58,56.19,86.64,55.65,94,0,3.85,clear sky
81,Cayenne,GF,2020-08-02 21:54:26,4.93,-52.33,84.2,70,45,2.24,scattered clouds
82,Kalmunai,LK,2020-08-02 22:01:21,7.42,81.82,80.46,68,100,6.24,overcast clouds
83,Jamestown,US,2020-08-02 22:03:58,42.1,-79.24,73.0,83,90,17.22,light rain
84,Mayo,US,2020-08-02 22:03:59,38.89,-76.51,93.2,52,20,10.29,light rain
85,Willmar,US,2020-08-02 22:00:46,45.12,-95.04,75.2,41,40,10.29,scattered clouds
86,Kovdor,RU,2020-08-02 21:59:08,67.57,30.48,43.21,92,49,0.51,scattered clouds
87,Severo-Kurilsk,RU,2020-08-02 21:59:06,50.68,156.12,53.51,90,100,9.55,light rain
88,Souillac,MU,2020-08-02 22:03:59,-20.52,57.52,69.8,68,75,12.75,broken clouds
89,Kruisfontein,ZA,2020-08-02 22:03:59,-34.0,24.73,57.69,40,0,3.4,clear sky
90,Caravelas,BR,2020-08-02 22:03:59,-17.71,-39.25,70.81,68,11,10.83,few clouds
91,Zhigansk,RU,2020-08-02 22:04:00,66.77,123.37,56.64,62,100,13.49,overcast clouds
92,Kaseda,JP,2020-08-02 22:04:00,31.42,130.32,69.8,100,75,3.36,fog
93,Puri,IN,2020-08-02 22:04:00,19.8,85.85,80.6,94,75,5.82,haze
94,Khatanga,RU,2020-08-02 22:04:00,71.97,102.5,63.27,71,50,5.97,scattered clouds
95,Faanui,PF,2020-08-02 22:04:00,-16.48,-151.75,78.46,79,100,10.67,overcast clouds
96,Tasiilaq,GL,2020-08-02 22:04:00,65.61,-37.64,48.2,61,9,16.11,clear sky
97,Busselton,AU,2020-08-02 22:04:01,-33.65,115.33,43.0,98,20,4.29,few clouds
98,Omboue,GA,2020-08-02 22:04:01,-1.57,9.26,73.27,73,70,6.49,broken clouds
99,Rawson,AR,2020-08-02 22:04:01,-43.3,-65.1,52.68,43,0,9.28,clear sky
100,Bandarbeyla,SO,2020-08-02 21:59:08,9.49,50.81,78.31,70,0,29.97,clear sky
101,Castro,BR,2020-08-02 22:00:21,-24.79,-50.01,54.64,71,0,3.76,clear sky
102,College,US,2020-08-02 22:04:02,64.86,-147.8,71.6,59,40,4.7,shower rain
103,Sambava,MG,2020-08-02 22:04:02,-14.27,50.17,71.49,83,100,20.62,light rain
104,Kapoeta,SS,2020-08-02 22:04:02,4.77,33.59,75.74,66,26,3.42,scattered clouds
105,Katsuura,JP,2020-08-02 22:04:02,35.13,140.3,77.0,89,8,4.92,clear sky
106,Strezhevoy,RU,2020-08-02 21:59:56,60.73,77.59,66.2,77,37,6.71,scattered clouds
107,Hammerfest,NO,2020-08-02 22:04:02,70.66,23.68,48.2,81,1,9.17,clear sky
108,Cape Town,ZA,2020-08-02 22:01:13,-33.93,18.42,61.0,87,0,12.75,clear sky
109,Red Bluff,US,2020-08-02 22:03:03,40.18,-122.24,102.99,16,1,9.17,clear sky
110,Raudeberg,NO,2020-08-02 22:04:03,61.99,5.14,53.6,87,75,9.17,shower rain
111,Chokurdakh,RU,2020-08-02 22:04:03,70.63,147.92,49.73,63,100,3.56,overcast clouds
112,Constitucion,CL,2020-08-02 22:04:03,-35.33,-72.42,55.09,90,1,6.51,clear sky
113,Nanortalik,GL,2020-08-02 21:54:05,60.14,-45.24,47.12,92,65,11.9,broken clouds
114,San Clemente,US,2020-08-02 22:04:03,33.43,-117.61,84.99,80,7,4.0,clear sky
115,Vao,NC,2020-08-02 21:54:07,-22.67,167.48,67.17,70,2,15.55,clear sky
116,New Norfolk,AU,2020-08-02 22:04:03,-42.78,147.06,45.0,80,80,1.99,light rain
117,Palmerston,AU,2020-08-02 22:04:03,-12.49,130.98,68.0,72,40,4.7,scattered clouds
118,Sabha,LY,2020-08-02 22:01:33,27.04,14.43,85.46,15,0,7.78,clear sky
119,Agadez,NE,2020-08-02 22:04:04,19.75,10.25,93.31,23,56,9.6,broken clouds
120,Belmonte,BR,2020-08-02 22:04:04,-15.86,-38.88,73.4,64,40,6.93,scattered clouds
121,Beloha,MG,2020-08-02 21:54:11,-25.17,45.05,62.04,74,0,15.66,clear sky
122,Burlington,US,2020-08-02 22:00:53,39.88,-74.64,93.2,55,75,21.92,broken clouds
123,Atuona,PF,2020-08-02 22:04:04,-9.8,-139.03,78.66,78,13,17.69,few clouds
124,Bogdanovich,RU,2020-08-02 22:04:04,56.78,62.05,61.34,92,93,7.34,overcast clouds
125,Sinnamary,GF,2020-08-02 21:54:06,5.38,-52.95,79.47,84,68,9.91,light rain
126,Fairbanks,US,2020-08-02 22:04:04,64.84,-147.72,71.6,68,1,8.05,clear sky
127,Belle Glade,US,2020-08-02 22:04:04,26.68,-80.67,84.99,84,100,10.0,overcast clouds
128,Yeppoon,AU,2020-08-02 22:04:05,-23.13,150.73,64.4,63,90,8.05,overcast clouds
129,Camacha,PT,2020-08-02 22:00:26,33.08,-16.33,69.8,73,40,9.17,scattered clouds
130,Union,US,2020-08-02 22:04:05,40.63,-74.27,93.99,44,40,12.75,scattered clouds
131,Arraial Do Cabo,BR,2020-08-02 22:04:05,-22.97,-42.03,68.0,64,2,3.36,clear sky
132,Mandalgovi,MN,2020-08-02 22:04:05,45.76,106.27,55.56,78,61,18.43,broken clouds
133,Harper,LR,2020-08-02 21:54:17,4.38,-7.72,73.42,76,94,5.95,overcast clouds
134,Padang,ID,2020-08-02 22:04:05,-0.95,100.35,76.53,78,66,5.06,broken clouds
135,Asau,RO,2020-08-02 22:04:05,46.43,26.4,53.01,93,0,1.95,clear sky
136,Lata,PT,2020-08-02 22:04:05,40.16,-8.33,64.99,75,71,5.99,broken clouds
137,Ust-Kut,RU,2020-08-02 22:04:06,56.79,105.77,55.65,80,0,3.83,clear sky
138,Kavieng,PG,2020-08-02 22:04:06,-2.57,150.8,83.07,76,16,6.93,few clouds
139,Gravdal,NO,2020-08-02 22:04:06,68.12,13.5,62.6,67,1,5.82,clear sky
140,Pasighat,IN,2020-08-02 22:04:06,28.07,95.33,78.64,77,0,2.33,clear sky
141,Port Lincoln,AU,2020-08-02 22:04:06,-34.73,135.87,51.98,76,100,10.04,overcast clouds
142,Road Town,VG,2020-08-02 22:00:55,18.42,-64.62,84.2,74,40,6.93,scattered clouds
143,Nikolskoye,RU,2020-08-02 22:04:07,59.7,30.79,59.0,87,90,3.51,light intensity shower rain
144,Dongsheng,CN,2020-08-02 22:00:41,39.82,109.98,64.81,49,0,2.84,clear sky
145,Qandala,SO,2020-08-02 22:04:07,11.47,49.87,90.19,46,61,9.78,broken clouds
146,Norman Wells,CA,2020-08-02 22:04:07,65.28,-126.83,75.2,64,20,5.82,few clouds
147,Cockburn Town,TC,2020-08-02 22:01:38,21.46,-71.14,82.26,83,0,17.38,clear sky
148,Fort Nelson,CA,2020-08-02 22:00:40,58.81,-122.7,78.8,36,40,5.82,scattered clouds
149,Polazna,RU,2020-08-02 22:04:07,58.29,56.41,55.4,87,40,8.95,scattered clouds
150,Launceston,AU,2020-08-02 22:04:07,-41.45,147.17,45.0,93,90,14.99,light intensity shower rain
151,Akyab,MM,2020-08-02 22:04:07,20.15,92.9,82.89,83,100,5.93,moderate rain
152,Hamilton,US,2020-08-02 21:59:36,39.18,-84.53,80.01,57,40,8.05,scattered clouds
153,Yulara,AU,2020-08-02 22:01:06,-25.24,130.99,41.0,27,0,5.82,clear sky
154,Half Moon Bay,US,2020-08-02 22:04:08,37.46,-122.43,79.0,64,20,10.29,few clouds
155,Taywarah,AF,2020-08-02 22:04:08,33.35,64.42,49.68,44,0,6.06,clear sky
156,Lubao,PH,2020-08-02 22:04:08,14.92,120.55,79.0,94,75,0.31,broken clouds
157,Mehamn,NO,2020-08-02 22:04:08,71.04,27.85,50.0,87,75,9.17,broken clouds
158,Barrow,US,2020-08-02 22:00:56,71.29,-156.79,41.0,75,90,11.41,overcast clouds
159,Kloulklubed,PW,2020-08-02 21:54:24,7.04,134.26,80.6,83,90,3.36,overcast clouds
160,Amapa,BR,2020-08-02 22:04:08,1.0,-52.0,74.8,93,40,3.15,light rain
161,Jalingo,NG,2020-08-02 22:04:09,8.88,11.37,73.2,93,100,7.23,moderate rain
162,Pitimbu,BR,2020-08-02 22:04:09,-7.47,-34.81,73.4,94,75,8.05,broken clouds
163,Carrollton,US,2020-08-02 22:03:45,32.95,-96.89,97.0,32,20,12.75,few clouds
164,Nadym,RU,2020-08-02 22:00:00,65.53,72.52,62.11,68,52,12.88,broken clouds
165,Saint-Philippe,RE,2020-08-02 22:04:09,-21.36,55.77,68.0,60,90,10.29,overcast clouds
166,Qaqortoq,GL,2020-08-02 22:04:09,60.72,-46.03,53.6,76,75,6.93,broken clouds
167,Hovd,MN,2020-08-02 22:04:10,48.01,91.64,53.67,70,97,2.82,overcast clouds
168,Tautira,PF,2020-08-02 22:04:10,-17.73,-149.15,82.4,69,75,14.99,broken clouds
169,Hambantota,LK,2020-08-02 22:01:16,6.12,81.12,77.0,100,20,11.41,few clouds
170,Nabire,ID,2020-08-02 22:01:18,-3.37,135.48,75.56,89,28,4.83,scattered clouds
171,Margate,GB,2020-08-02 22:04:10,51.38,1.39,66.99,73,100,1.99,light rain
172,Kaduna,NG,2020-08-02 22:00:50,10.52,7.44,70.34,95,100,8.05,moderate rain
173,Faya,SA,2020-08-02 22:04:10,18.39,42.45,68.0,72,60,8.05,light rain
174,Enumclaw,US,2020-08-02 22:04:10,47.2,-121.99,84.0,43,92,3.0,overcast clouds
175,Esperance,AU,2020-08-02 22:04:10,-33.87,121.9,48.2,93,69,12.75,broken clouds
176,Yinchuan,CN,2020-08-02 22:04:11,38.47,106.27,76.96,20,78,9.95,broken clouds
177,Port Hardy,CA,2020-08-02 22:04:11,50.7,-127.42,57.2,100,90,4.7,moderate rain
178,Bambous Virieux,MU,2020-08-02 22:04:11,-20.34,57.76,69.8,68,75,12.75,broken clouds
179,Mahon,ES,2020-08-02 22:04:11,39.89,4.27,77.0,73,1,12.75,clear sky
180,Buala,SB,2020-08-02 22:04:11,-8.14,159.59,83.07,74,26,6.69,scattered clouds
181,Salme,NP,2020-08-02 22:04:11,28.04,85.09,71.6,100,75,3.36,light rain
182,Gijon,ES,2020-08-02 22:04:11,43.54,-5.66,66.99,74,100,1.72,overcast clouds
183,Sistranda,NO,2020-08-02 22:04:11,63.73,8.83,57.2,93,75,11.41,broken clouds
184,Sindor,RU,2020-08-02 22:04:12,62.86,51.89,49.59,98,99,7.7,overcast clouds
185,Vasai,IN,2020-08-02 22:04:12,19.47,72.8,80.6,94,75,8.05,haze
186,Sao Gabriel Da Cachoeira,BR,2020-08-02 22:04:12,-0.13,-67.09,82.92,65,52,1.79,broken clouds
187,Gurupa,BR,2020-08-02 22:04:12,-1.41,-51.64,82.08,65,57,3.24,broken clouds
188,Elliot,ZA,2020-08-02 22:04:12,-31.33,27.85,50.56,38,0,7.63,clear sky
189,Haines Junction,CA,2020-08-02 22:04:12,60.75,-137.51,64.54,46,100,11.21,overcast clouds
190,Saint George,US,2020-08-02 22:04:12,37.1,-113.58,107.01,9,1,10.29,clear sky
191,Maragogi,BR,2020-08-02 22:04:12,-9.01,-35.22,73.96,79,56,11.18,broken clouds
192,Svetlogorsk,BY,2020-08-02 22:04:13,52.63,29.73,54.68,87,58,2.08,broken clouds
193,Alyangula,AU,2020-08-02 22:04:13,-13.85,136.42,62.6,100,75,8.14,broken clouds
194,Hasaki,JP,2020-08-02 22:04:13,35.73,140.83,73.4,88,20,2.24,few clouds
195,Williams Lake,CA,2020-08-02 21:59:55,52.14,-122.14,73.4,43,75,5.17,broken clouds
196,Kurumkan,RU,2020-08-02 22:04:13,54.3,110.3,63.18,82,79,1.83,broken clouds
197,Carandai,BR,2020-08-02 22:04:13,-20.95,-43.81,53.2,85,0,5.37,clear sky
198,Tuatapere,NZ,2020-08-02 22:04:13,-46.13,167.68,47.12,81,77,3.47,broken clouds
199,Tres Arroyos,AR,2020-08-02 22:04:13,-38.37,-60.28,48.78,68,76,5.75,broken clouds
200,Ende,ID,2020-08-02 22:04:14,-8.84,121.66,70.36,68,95,2.62,overcast clouds
201,Hobyo,SO,2020-08-02 21:54:18,5.35,48.53,78.89,72,87,21.88,overcast clouds
202,Leh,IN,2020-08-02 22:04:14,34.17,77.58,61.41,33,0,4.32,clear sky
203,Thompson,CA,2020-08-02 22:03:05,55.74,-97.86,77.0,38,20,5.82,few clouds
204,Isangel,VU,2020-08-02 22:04:14,-19.55,169.27,70.92,63,5,11.74,clear sky
205,Krasnyy Chikoy,RU,2020-08-02 22:04:14,50.36,108.75,57.54,90,99,3.13,light rain
206,East London,ZA,2020-08-02 22:04:15,-33.02,27.91,75.27,19,0,11.74,clear sky
207,Fort Morgan,US,2020-08-02 22:04:15,40.25,-103.8,86.0,30,1,17.22,clear sky
208,Dolores,AR,2020-08-02 22:04:15,-36.31,-57.68,55.87,90,100,8.41,overcast clouds
209,Qasigiannguit,GL,2020-08-02 22:04:15,68.82,-51.19,46.4,70,4,8.05,clear sky
210,Ulaanbaatar,MN,2020-08-02 22:04:15,47.91,106.88,53.6,87,75,11.18,broken clouds
211,Lorengau,PG,2020-08-02 21:54:21,-2.02,147.27,82.89,78,96,12.33,light rain
212,Upernavik,GL,2020-08-02 22:04:15,72.79,-56.15,44.08,69,93,6.62,overcast clouds
213,Coquimbo,CL,2020-08-02 21:54:18,-29.95,-71.34,59.0,72,3,10.29,clear sky
214,Xining,CN,2020-08-02 22:04:11,36.62,101.77,55.53,58,25,2.91,scattered clouds
215,Rodrigues Alves,BR,2020-08-02 22:04:16,-7.74,-72.65,85.71,47,8,0.47,clear sky
216,Kahului,US,2020-08-02 21:59:46,20.89,-156.47,84.2,62,40,24.16,scattered clouds
217,Hudiksvall,SE,2020-08-02 22:04:16,61.73,17.1,62.01,93,81,3.62,broken clouds
218,Angoche,MZ,2020-08-02 22:04:16,-16.23,39.91,72.95,80,85,11.41,overcast clouds
219,Dinguiraye,GN,2020-08-02 22:04:16,11.3,-10.72,71.69,96,79,3.56,broken clouds
220,Olafsvik,IS,2020-08-02 21:54:22,64.89,-23.71,47.71,87,33,17.07,scattered clouds
221,Orsha,BY,2020-08-02 22:04:18,54.52,30.41,52.75,84,69,2.15,broken clouds
222,Piacabucu,BR,2020-08-02 22:04:18,-10.41,-36.43,72.93,83,10,9.04,clear sky
223,Gilgit,PK,2020-08-02 22:02:15,35.92,74.31,77.5,37,0,0.78,clear sky
224,Lalibela,ET,2020-08-02 22:04:18,12.03,39.03,58.05,89,63,1.16,light rain
225,Cerro Cama,PA,2020-08-02 22:04:18,9.03,-79.91,86.0,79,40,9.17,scattered clouds
226,Sur,OM,2020-08-02 22:00:11,22.57,59.53,83.32,72,0,11.03,clear sky
227,Kyabe,TD,2020-08-02 22:04:19,9.45,18.94,70.92,98,100,3.29,overcast clouds
228,Asaba,NG,2020-08-02 22:04:19,6.2,6.73,73.13,94,99,6.02,overcast clouds
229,Makubetsu,JP,2020-08-02 22:04:19,45.37,141.82,69.75,88,65,10.36,broken clouds
230,Perama,GR,2020-08-02 22:04:19,37.98,23.58,84.0,39,20,4.7,few clouds
231,Sao Joao Da Barra,BR,2020-08-02 21:54:22,-21.64,-41.05,69.8,68,3,5.82,clear sky
232,Saskylakh,RU,2020-08-02 22:04:19,71.92,114.08,63.88,73,65,3.49,light rain
233,Mossendjo,CG,2020-08-02 22:04:19,-2.95,12.73,66.29,84,62,4.47,broken clouds
234,Batagay,RU,2020-08-02 22:04:20,67.63,134.63,57.38,54,36,3.8,scattered clouds
235,Yatou,CN,2020-08-02 22:04:20,37.15,122.38,75.94,94,0,8.01,clear sky
236,Bintulu,MY,2020-08-02 21:59:54,3.17,113.03,77.0,88,40,8.05,scattered clouds
237,Namatanai,PG,2020-08-02 22:04:20,-3.67,152.43,81.84,79,24,7.45,light rain
238,Tukrah,LY,2020-08-02 22:04:20,32.53,20.58,77.52,88,0,4.43,clear sky
239,San Carlos De Bariloche,AR,2020-08-02 22:00:23,-41.15,-71.31,50.0,53,94,8.05,overcast clouds
240,Lompoc,US,2020-08-02 22:00:00,34.64,-120.46,69.8,68,0,14.99,clear sky
241,Bayji,IQ,2020-08-02 22:04:20,34.93,43.49,86.02,16,0,4.45,clear sky
242,Mosquera,CO,2020-08-02 22:01:14,4.71,-74.23,66.2,39,75,9.17,shower rain
243,Flinders,AU,2020-08-02 22:04:21,-34.58,150.86,53.01,87,76,1.01,broken clouds
244,Seoul,KR,2020-08-02 21:59:33,37.57,126.98,77.0,94,90,5.82,overcast clouds
245,Ostrovnoy,RU,2020-08-02 22:04:21,68.05,39.51,50.16,88,100,13.24,overcast clouds
246,Ilulissat,GL,2020-08-02 22:04:22,69.22,-51.1,46.4,70,0,8.05,clear sky
247,Santa Rosalia,MX,2020-08-02 22:04:22,27.32,-112.28,89.74,51,67,4.79,broken clouds
248,Vestmannaeyjar,IS,2020-08-02 22:04:22,63.44,-20.27,51.66,85,75,21.12,broken clouds
249,Santa Isabel Do Rio Negro,BR,2020-08-02 22:04:22,-0.41,-65.02,82.38,70,26,2.17,scattered clouds
250,Mareeba,AU,2020-08-02 22:04:22,-17.0,145.43,66.99,96,28,3.09,light rain
251,Riyadh,SA,2020-08-02 22:01:51,24.69,46.72,96.8,15,11,5.82,few clouds
252,Tamworth,GB,2020-08-02 22:04:22,52.63,-1.7,60.8,63,20,4.7,few clouds
253,Pisco,PE,2020-08-02 22:01:20,-13.7,-76.22,66.2,68,5,6.93,clear sky
254,Pangnirtung,CA,2020-08-02 22:04:23,66.15,-65.71,55.65,54,36,4.27,scattered clouds
255,Mao,ES,2020-08-02 22:04:23,39.89,4.27,77.0,73,1,12.75,clear sky
256,Raga,SS,2020-08-02 22:04:23,8.46,25.68,70.16,94,100,1.88,light rain
257,Chapais,CA,2020-08-02 22:04:23,49.78,-74.85,66.2,93,75,2.24,broken clouds
258,Cap Malheureux,MU,2020-08-02 22:04:23,-19.98,57.61,66.0,78,30,3.0,scattered clouds
259,Alice Springs,AU,2020-08-02 22:03:36,-23.7,133.88,39.2,29,0,4.7,clear sky
260,Bundibugyo,UG,2020-08-02 22:04:23,0.74,30.04,66.63,69,50,3.11,scattered clouds
261,Kudahuvadhoo,MV,2020-08-02 22:04:24,2.67,72.89,81.99,79,99,12.46,light rain
262,Mineiros,BR,2020-08-02 22:04:24,-17.57,-52.55,70.95,40,0,7.02,clear sky
263,Mayumba,GA,2020-08-02 22:04:24,-3.43,10.66,71.53,83,79,6.38,broken clouds
264,Whyalla,AU,2020-08-02 22:04:24,-33.03,137.58,48.2,100,90,5.82,overcast clouds
265,Svetlyy,RU,2020-08-02 22:04:24,54.67,20.13,64.0,77,64,4.47,broken clouds
266,Charters Towers,AU,2020-08-02 22:04:24,-20.1,146.27,59.09,77,6,10.45,clear sky
267,Boueni,YT,2020-08-02 22:04:24,-12.9,45.08,75.2,78,0,11.41,clear sky
268,Carutapera,BR,2020-08-02 22:04:25,-1.2,-46.02,76.44,91,37,6.87,light rain
269,Maridi,SS,2020-08-02 22:04:25,4.92,29.47,67.53,93,99,2.17,overcast clouds
270,Voronovytsya,UA,2020-08-02 22:04:25,49.11,28.68,53.01,88,21,2.26,few clouds
271,Delta,NG,2020-08-02 22:00:38,5.5,6.0,73.02,91,100,4.7,overcast clouds
272,Waw,SS,2020-08-02 22:04:25,7.7,28.0,71.26,95,100,0.85,overcast clouds
273,Hithadhoo,MV,2020-08-02 22:04:25,-0.6,73.08,82.85,77,64,10.89,broken clouds
274,Butaritari,KI,2020-08-02 22:04:25,3.07,172.79,82.63,75,7,16.17,clear sky
275,Carauari,BR,2020-08-02 22:04:26,-4.88,-66.9,84.4,48,21,0.54,few clouds
276,Atasu,KZ,2020-08-02 22:03:55,48.68,71.64,70.21,53,8,10.58,clear sky
277,Pingliang,CN,2020-08-02 22:04:26,35.54,106.69,67.41,78,99,1.77,overcast clouds
278,Karasjok,NO,2020-08-02 22:04:26,69.47,25.51,50.0,87,75,8.05,broken clouds
279,Novopokrovka,UA,2020-08-02 22:04:26,49.84,36.55,60.8,77,0,4.47,clear sky
280,Namibe,AO,2020-08-02 22:04:26,-15.2,12.15,66.67,86,7,3.44,clear sky
281,Saldanha,ZA,2020-08-02 22:04:26,-33.01,17.94,48.2,81,0,1.12,clear sky
282,Kindu,CD,2020-08-02 22:04:26,-2.95,25.95,78.03,43,42,2.28,scattered clouds
283,Vestmanna,FO,2020-08-02 22:04:27,62.16,-7.17,50.0,100,100,12.75,drizzle
284,Sola,VU,2020-08-02 22:04:27,-13.88,167.55,80.6,83,75,6.93,broken clouds
285,Shimoda,JP,2020-08-02 22:04:27,34.67,138.95,73.99,85,2,0.81,clear sky
286,Alpena,US,2020-08-02 22:04:27,45.06,-83.43,71.6,78,75,13.87,broken clouds
287,Kamareddi,IN,2020-08-02 22:04:27,18.32,78.35,73.58,93,100,15.14,moderate rain
288,Nakusp,CA,2020-08-02 22:04:27,50.25,-117.8,91.99,29,0,1.01,clear sky
289,Yerbogachen,RU,2020-08-02 22:04:27,61.28,108.01,57.31,74,0,4.43,clear sky
290,Lashio,MM,2020-08-02 22:04:27,22.93,97.75,70.83,100,100,2.1,light rain
291,Sawakin,SD,2020-08-02 22:04:27,19.11,37.33,92.59,48,11,12.08,moderate rain
292,Goundam,ML,2020-08-02 22:04:28,16.41,-3.67,94.93,36,19,9.55,few clouds
293,Salalah,OM,2020-08-02 22:04:28,17.02,54.09,82.4,83,40,4.7,scattered clouds
294,Vardo,NO,2020-08-02 22:04:28,70.37,31.11,50.0,81,75,9.17,broken clouds
295,Eureka,US,2020-08-02 22:04:28,40.8,-124.16,70.0,77,1,14.99,clear sky
296,Ajdabiya,LY,2020-08-02 22:04:28,30.76,20.23,76.89,92,0,8.05,clear sky
297,Pangoa,PE,2020-08-02 22:04:28,-12.12,-73.0,78.93,56,14,2.39,few clouds
298,Mount Gambier,AU,2020-08-02 22:04:28,-37.83,140.77,46.4,93,40,10.29,scattered clouds
299,Marquette,US,2020-08-02 22:04:29,46.53,-87.63,55.0,95,100,10.85,overcast clouds
300,Mount Isa,AU,2020-08-02 22:00:14,-20.73,139.5,46.4,65,0,1.12,clear sky
301,Mino,JP,2020-08-02 22:04:29,34.83,135.47,80.01,94,20,1.12,few clouds
302,Ahuimanu,US,2020-08-02 22:04:29,21.44,-157.84,84.2,48,40,18.34,scattered clouds
303,Salinopolis,BR,2020-08-02 22:04:29,-0.61,-47.36,78.84,85,7,9.46,light rain
304,Sevnica,SI,2020-08-02 22:04:29,46.01,15.32,69.8,94,22,3.36,light rain
305,Dwarka,IN,2020-08-02 22:04:29,22.24,68.97,85.73,79,99,7.63,overcast clouds
306,Dano,BF,2020-08-02 22:04:29,11.15,-3.07,74.44,84,85,4.97,overcast clouds
307,Tual,ID,2020-08-02 22:04:30,-5.67,132.75,77.38,82,5,18.86,clear sky
308,Osterburg,DE,2020-08-02 22:04:07,52.78,11.77,64.0,84,94,1.99,overcast clouds
309,Minab,IR,2020-08-02 22:04:30,27.15,57.08,89.6,84,40,6.93,scattered clouds
310,Lebu,CL,2020-08-02 22:04:30,-37.62,-73.65,52.29,92,68,6.71,broken clouds
311,Antofagasta,CL,2020-08-02 22:02:19,-23.65,-70.4,59.0,72,75,12.75,broken clouds
312,Guerrero Negro,MX,2020-08-02 22:04:30,27.98,-114.06,84.92,47,46,17.22,scattered clouds
313,Urumqi,CN,2020-08-02 22:04:30,43.8,87.6,82.99,44,100,4.47,overcast clouds
314,Lillehammer,NO,2020-08-02 22:04:30,61.11,10.47,53.01,96,64,3.0,light rain
315,Tahe,CN,2020-08-02 22:04:31,52.33,124.73,54.36,95,100,6.58,overcast clouds
316,Ambilobe,MG,2020-08-02 22:04:31,-13.2,49.05,69.94,70,23,4.81,few clouds
317,Vikulovo,RU,2020-08-02 22:00:13,56.82,70.61,68.79,63,86,6.55,overcast clouds
318,Sitka,US,2020-08-02 22:04:31,57.05,-135.33,57.2,87,90,3.36,overcast clouds
319,Tecoanapa,MX,2020-08-02 22:04:31,16.52,-98.75,87.94,67,52,10.07,broken clouds
320,Southbridge,US,2020-08-02 22:04:31,42.08,-72.03,75.99,98,100,12.28,overcast clouds
321,Springfield,US,2020-08-02 21:59:59,37.22,-93.3,84.2,51,40,9.17,scattered clouds
322,Dombarovskiy,RU,2020-08-02 22:04:31,50.76,59.54,79.27,27,16,15.57,few clouds
323,Dickinson,US,2020-08-02 22:00:06,29.46,-95.05,93.0,46,40,3.36,scattered clouds
324,Nyurba,RU,2020-08-02 21:59:54,63.28,118.33,58.75,72,0,3.69,clear sky
325,Ternate,ID,2020-08-02 22:04:32,0.8,127.4,78.58,85,100,9.91,light rain
326,Uni,RU,2020-08-02 22:04:32,57.75,51.49,47.19,94,3,3.87,clear sky
327,Coahuayana,MX,2020-08-02 22:04:32,18.73,-103.68,86.0,66,75,11.41,broken clouds
328,Afsin,TR,2020-08-02 22:04:32,38.25,36.91,62.55,67,0,4.61,clear sky
329,Huarmey,PE,2020-08-02 22:00:36,-10.07,-78.15,65.48,72,5,9.75,clear sky
330,Evensk,RU,2020-08-02 22:04:32,61.95,159.23,61.21,52,29,2.24,scattered clouds
331,Longyearbyen,SJ,2020-08-02 22:04:33,78.22,15.64,48.2,87,20,1.12,few clouds
332,Soyo,AO,2020-08-02 22:04:33,-6.13,12.37,72.66,88,28,7.38,scattered clouds
333,Yele,CM,2020-08-02 22:04:33,10.73,13.59,67.1,97,90,3.22,overcast clouds
334,Inhambane,MZ,2020-08-02 22:04:33,-23.86,35.38,67.23,71,100,7.92,overcast clouds
335,Adrar,MR,2020-08-02 22:00:16,20.5,-10.07,101.73,9,0,4.81,clear sky
336,Mwinilunga,ZM,2020-08-02 22:04:33,-11.74,24.43,56.34,40,48,6.44,scattered clouds
337,Mancio Lima,BR,2020-08-02 22:04:33,-7.61,-72.9,85.77,47,2,0.96,clear sky
338,Ponta Delgada,PT,2020-08-02 22:04:33,37.73,-25.67,71.6,73,20,6.93,few clouds
339,Talara,PE,2020-08-02 22:04:34,-4.58,-81.27,64.0,85,9,16.93,clear sky
340,Labuhan,ID,2020-08-02 22:04:34,-6.88,112.21,72.59,87,43,6.87,scattered clouds
341,Nador,MA,2020-08-02 22:04:34,35.17,-2.93,93.2,17,0,12.75,clear sky
342,Turayf,SA,2020-08-02 22:04:34,31.67,38.66,82.4,26,0,6.93,clear sky
343,Provideniya,RU,2020-08-02 22:04:34,64.38,-173.3,51.8,62,100,6.71,overcast clouds
344,Peabiru,BR,2020-08-02 22:04:34,-23.91,-52.34,75.2,41,0,8.05,clear sky
345,Gusino,RU,2020-08-02 22:04:34,54.72,31.37,51.6,87,46,1.66,scattered clouds
346,Aykhal,RU,2020-08-02 22:04:34,66.0,111.5,64.4,45,100,4.47,overcast clouds
347,Necochea,AR,2020-08-02 22:00:40,-38.55,-58.74,48.0,95,67,3.0,broken clouds
348,Gawler,AU,2020-08-02 22:04:35,-34.6,138.73,46.0,92,97,3.0,overcast clouds
349,Pervomayskoye,RU,2020-08-02 22:04:35,43.92,46.71,65.35,91,100,18.12,heavy intensity rain
350,Naze,JP,2020-08-02 22:04:35,28.37,129.48,82.4,78,40,9.17,mist
351,Escanaba,US,2020-08-02 22:04:35,45.75,-87.06,62.6,77,90,14.99,overcast clouds
352,Keita,NE,2020-08-02 22:04:35,14.76,5.77,78.13,81,100,18.79,light rain
353,Kurikka,FI,2020-08-02 22:04:35,62.62,22.42,59.0,100,75,2.24,heavy intensity rain
354,Kieta,PG,2020-08-02 21:59:48,-6.22,155.63,82.11,73,84,5.41,broken clouds
355,Bonavista,CA,2020-08-02 22:01:15,48.65,-53.11,60.01,82,45,5.01,scattered clouds
356,Srednekolymsk,RU,2020-08-02 22:04:35,67.45,153.68,60.06,50,22,2.98,few clouds
357,Carahue,CL,2020-08-02 22:04:36,-38.7,-73.17,59.0,82,88,5.82,overcast clouds
358,Campoverde,PE,2020-08-02 22:04:36,-8.48,-74.81,87.8,52,40,5.82,scattered clouds
359,Chuy,UY,2020-08-02 22:04:36,-33.7,-53.46,59.54,90,99,3.62,overcast clouds
360,Grindavik,IS,2020-08-02 22:04:36,63.84,-22.43,46.4,93,75,16.11,broken clouds
361,Ribeira Grande,PT,2020-08-02 22:04:36,38.52,-28.7,72.05,82,3,11.16,clear sky
362,Broken Hill,AU,2020-08-02 22:04:36,-31.95,141.43,44.6,48,100,8.05,overcast clouds
363,Ottawa,CA,2020-08-02 22:04:37,45.41,-75.7,73.0,94,90,4.7,mist
364,Uvat,RU,2020-08-02 22:04:37,59.14,68.9,67.46,77,1,7.52,clear sky
365,Porto Walter,BR,2020-08-02 22:04:37,-8.27,-72.74,87.19,40,0,1.07,clear sky
366,Suntar,RU,2020-08-02 22:04:37,62.14,117.63,60.71,70,0,4.27,clear sky
367,Kununurra,AU,2020-08-02 22:04:37,-15.77,128.73,55.4,43,24,2.24,few clouds
368,Entebbe,UG,2020-08-02 22:04:37,0.06,32.45,73.4,69,20,6.93,few clouds
369,Paredon,MX,2020-08-02 22:04:38,16.03,-93.87,90.05,65,3,3.74,light rain
370,Wagar,SD,2020-08-02 22:04:38,16.15,36.2,85.12,54,92,8.21,overcast clouds
371,Sobolevo,RU,2020-08-02 22:00:18,54.43,31.9,50.72,85,42,1.5,scattered clouds
372,Moose Factory,CA,2020-08-02 22:04:38,51.26,-80.61,57.2,67,75,9.17,broken clouds
373,Lilongwe,MW,2020-08-02 22:04:38,-13.97,33.79,60.19,70,80,3.83,broken clouds
374,Kurya,RU,2020-08-02 22:04:38,51.6,82.29,62.42,75,27,14.83,scattered clouds
375,Chulym,RU,2020-08-02 22:04:38,55.1,80.96,60.66,90,0,5.97,clear sky
376,Abha,SA,2020-08-02 22:04:39,18.22,42.51,68.0,72,48,8.05,light rain
377,Jumla,NP,2020-08-02 22:04:39,29.27,82.18,61.34,71,46,0.76,scattered clouds
378,High Level,CA,2020-08-02 22:04:39,58.52,-117.14,84.2,62,20,5.82,few clouds
379,Kavaratti,IN,2020-08-02 22:04:39,10.57,72.64,82.44,79,100,22.7,overcast clouds
380,Russell,US,2020-08-02 22:04:39,32.35,-85.2,95.0,36,1,4.7,clear sky
381,Nome,US,2020-08-02 22:04:40,64.5,-165.41,64.99,76,20,11.41,few clouds
382,Richards Bay,ZA,2020-08-02 22:04:40,-28.78,32.04,64.67,73,0,15.68,clear sky
383,Kidal,ML,2020-08-02 22:04:40,18.44,1.41,86.23,47,100,18.48,overcast clouds
384,Marsabit,KE,2020-08-02 22:04:40,2.33,37.99,62.58,73,63,23.26,broken clouds
385,Poya,NC,2020-08-02 22:04:40,-21.35,165.15,69.44,60,40,5.88,scattered clouds
386,Morant Bay,JM,2020-08-02 22:04:40,17.88,-76.41,86.0,74,75,10.29,broken clouds
387,Mahibadhoo,MV,2020-08-02 22:04:40,3.78,72.97,82.18,79,100,14.18,light rain
388,Karpogory,RU,2020-08-02 22:04:41,64.0,44.45,50.11,97,100,7.61,light rain
389,Sept-Iles,CA,2020-08-02 22:04:41,50.2,-66.38,75.99,57,75,4.7,broken clouds
390,La Palma,US,2020-08-02 22:04:41,33.85,-118.05,86.0,54,1,8.05,light rain
391,Beba,CU,2020-08-02 22:04:41,22.44,-79.73,87.8,66,20,12.75,few clouds
392,Ambulu,ID,2020-08-02 22:04:41,-8.35,113.61,70.07,88,36,3.18,scattered clouds
393,Siniscola,IT,2020-08-02 22:04:41,40.57,9.69,82.4,61,0,14.99,clear sky
394,Touros,BR,2020-08-02 22:04:42,-5.2,-35.46,77.0,83,40,8.05,scattered clouds
395,Miura,JP,2020-08-02 22:04:42,35.14,139.62,78.01,89,0,2.93,clear sky
396,Atascadero,US,2020-08-02 22:00:22,35.49,-120.67,102.0,16,0,6.62,clear sky
397,Yaan,NG,2020-08-02 22:04:42,7.38,8.57,72.79,91,96,5.41,overcast clouds
398,Honiara,SB,2020-08-02 22:00:42,-9.43,159.95,78.8,83,20,4.7,few clouds
399,Havre-Saint-Pierre,CA,2020-08-02 22:04:42,50.23,-63.6,73.4,64,1,9.17,clear sky
400,Vuktyl,RU,2020-08-02 22:04:42,63.86,57.31,58.46,89,91,10.65,light rain
401,Makakilo City,US,2020-08-02 22:00:07,21.35,-158.09,86.0,55,20,8.05,few clouds
402,Ankazoabo,MG,2020-08-02 22:04:43,-22.28,44.52,57.38,58,0,6.73,clear sky
403,Le Port,RE,2020-08-02 22:04:43,-20.94,55.29,68.0,60,90,8.05,overcast clouds
404,Samarkand,UZ,2020-08-02 22:04:43,39.65,66.96,69.8,52,0,6.93,clear sky
405,Nelson Bay,AU,2020-08-02 22:04:43,-32.72,152.15,48.0,100,62,4.74,fog
406,Conway,US,2020-08-02 22:04:43,35.09,-92.44,86.0,55,75,10.29,broken clouds
407,Ratchaburi,TH,2020-08-02 22:04:44,13.58,99.53,77.43,83,100,10.67,overcast clouds
408,Abnub,EG,2020-08-02 22:04:44,27.27,31.15,87.8,29,0,2.24,clear sky
409,Haikou,CN,2020-08-02 22:04:44,20.05,110.34,78.8,100,100,4.47,light rain
410,Taoudenni,ML,2020-08-02 22:04:44,22.68,-3.98,106.23,16,66,5.03,broken clouds
411,Sioux Lookout,CA,2020-08-02 22:01:09,50.1,-91.92,64.4,52,75,10.29,broken clouds
412,Masvingo,ZW,2020-08-02 22:04:45,-20.06,30.83,49.93,73,0,4.83,clear sky
413,Egvekinot,RU,2020-08-02 22:04:45,66.32,-179.17,47.14,63,24,0.96,few clouds
414,Beaverlodge,CA,2020-08-02 22:04:45,55.22,-119.44,80.6,39,75,3.36,haze
415,Narsaq,GL,2020-08-02 22:00:56,60.92,-46.05,53.6,76,75,6.93,broken clouds
416,Atar,MR,2020-08-02 22:04:45,20.52,-13.05,101.62,10,0,7.47,clear sky
417,Slave Lake,CA,2020-08-02 22:04:45,55.28,-114.77,82.4,51,20,10.29,few clouds
418,Ixtapa,MX,2020-08-02 22:04:45,20.7,-105.2,91.99,75,40,9.17,scattered clouds
419,Weligama,LK,2020-08-02 22:04:45,5.97,80.42,77.86,88,100,9.69,light rain
420,Merauke,ID,2020-08-02 22:01:04,-8.47,140.33,74.71,82,5,10.98,clear sky
421,Manokwari,ID,2020-08-02 22:00:07,-0.87,134.08,78.85,79,96,3.87,overcast clouds
422,Vostok,RU,2020-08-02 22:04:46,46.49,135.88,67.44,97,100,3.38,overcast clouds
423,Ler,SS,2020-08-02 22:04:46,8.3,30.14,71.91,95,98,2.75,overcast clouds
424,Ossora,RU,2020-08-02 22:04:46,59.24,163.07,58.55,68,55,3.42,broken clouds
425,Aklavik,CA,2020-08-02 22:00:07,68.22,-135.01,53.6,87,90,3.36,overcast clouds
426,Carnarvon,AU,2020-08-02 21:59:57,-24.87,113.63,51.8,93,14,8.05,few clouds
427,Krasnoye,UA,2020-08-02 22:04:46,49.91,24.61,55.4,87,72,6.71,broken clouds
428,Gobabis,NA,2020-08-02 22:04:47,-22.45,18.97,50.0,34,0,1.12,clear sky
429,Bilibino,RU,2020-08-02 22:04:47,68.05,166.44,50.77,60,93,0.83,overcast clouds
430,Krasnaya Gorka,RU,2020-08-02 22:04:47,55.2,56.67,60.28,95,100,1.63,overcast clouds
431,Fayaoue,NC,2020-08-02 22:04:47,-20.65,166.53,70.25,63,53,12.97,broken clouds
432,Fortuna,US,2020-08-02 22:04:47,40.6,-124.16,70.0,80,11,3.0,few clouds
433,Sungaipenuh,ID,2020-08-02 22:04:47,-2.08,101.38,64.81,96,46,1.01,scattered clouds
434,Tartagal,AR,2020-08-02 22:04:47,-22.52,-63.8,79.03,38,0,3.62,clear sky
435,Bentiu,SS,2020-08-02 22:04:47,9.23,29.83,72.63,94,100,2.77,light rain
436,Sisimiut,GL,2020-08-02 22:04:48,66.94,-53.67,51.15,68,14,7.7,few clouds
437,San Jose,US,2020-08-02 22:03:19,37.34,-121.89,86.0,37,5,10.29,clear sky
438,Ipixuna,BR,2020-08-02 22:04:48,-1.76,-48.8,82.4,78,75,11.41,shower rain
439,Dossor,KZ,2020-08-02 22:04:48,47.53,52.98,81.3,41,47,15.01,scattered clouds
440,Aktau,KZ,2020-08-02 22:04:48,43.65,51.2,77.0,61,3,11.18,clear sky
441,Muncar,ID,2020-08-02 22:04:48,-8.43,114.33,72.61,86,57,3.29,broken clouds
442,Delfzijl,NL,2020-08-02 22:01:22,53.33,6.92,57.99,100,17,3.36,few clouds
443,Lehi,US,2020-08-02 22:02:24,40.39,-111.85,100.99,13,2,2.35,clear sky
444,Ulladulla,AU,2020-08-02 22:04:49,-35.35,150.47,48.2,70,75,17.22,broken clouds
445,Panama City,PA,2020-08-02 22:04:14,8.99,-79.52,86.0,79,40,10.29,scattered clouds
446,South Yuba City,US,2020-08-02 22:04:49,39.12,-121.64,99.0,23,1,6.85,clear sky
447,Opuwo,NA,2020-08-02 22:01:10,-18.06,13.84,60.64,32,0,8.52,clear sky
448,Coihaique,CL,2020-08-02 22:02:47,-45.58,-72.07,42.8,81,90,1.9,overcast clouds
449,Westport,US,2020-08-02 22:03:04,41.14,-73.36,84.2,74,40,11.41,scattered clouds
450,Bitung,ID,2020-08-02 22:04:49,1.45,125.18,75.2,94,40,1.12,scattered clouds
451,San Patricio,MX,2020-08-02 22:04:49,19.22,-104.7,91.4,70,20,11.41,few clouds
452,Boo,SE,2020-08-02 22:03:36,59.33,18.28,64.4,82,65,5.82,broken clouds
453,Havelock,US,2020-08-02 22:04:49,34.88,-76.9,87.01,77,0,4.0,clear sky
454,Oranjestad,AW,2020-08-02 22:03:25,12.52,-70.03,87.8,74,20,24.16,few clouds
455,Ardino,BG,2020-08-02 22:00:09,41.58,25.13,75.99,68,38,6.93,scattered clouds
456,Muli,MV,2020-08-02 22:04:50,2.92,73.57,82.15,79,93,12.15,light rain
457,Khorixas,NA,2020-08-02 22:04:50,-20.37,14.97,63.57,26,0,9.55,clear sky
458,Escalerillas,MX,2020-08-02 22:04:50,22.13,-101.07,68.0,68,75,4.7,broken clouds
459,Sar-E Pul,AF,2020-08-02 22:04:50,35.83,66.17,57.54,37,0,1.63,clear sky
460,Brae,GB,2020-08-02 22:04:50,60.4,-1.35,53.6,87,70,11.41,broken clouds
461,Lochgilphead,GB,2020-08-02 22:04:51,56.04,-5.43,50.0,87,4,8.05,clear sky
462,Ahipara,NZ,2020-08-02 22:04:51,-35.17,173.17,59.7,74,35,9.66,scattered clouds
463,Dawlatabad,AF,2020-08-02 22:04:51,36.41,64.91,70.43,26,0,2.21,clear sky
464,Krasnoselkup,RU,2020-08-02 22:04:51,65.7,82.47,55.42,83,18,6.4,few clouds
465,Vila Velha,BR,2020-08-02 22:00:14,-20.33,-40.29,73.99,68,20,9.17,few clouds
466,Nalut,LY,2020-08-02 22:04:51,30.33,10.85,84.83,14,0,10.85,clear sky
467,Arica,CL,2020-08-02 22:04:51,-18.48,-70.3,62.6,72,40,13.87,scattered clouds
468,Arlit,NE,2020-08-02 22:04:51,18.74,7.39,89.49,44,76,9.37,broken clouds
469,Los Llanos De Aridane,ES,2020-08-02 22:04:51,28.66,-17.92,73.4,83,15,13.87,few clouds
470,Cliza,BO,2020-08-02 22:04:52,-17.6,-65.93,84.2,9,0,3.36,clear sky
471,Pangody,RU,2020-08-02 22:04:52,65.85,74.49,60.15,71,24,10.4,few clouds
472,Abatskoye,RU,2020-08-02 22:04:52,56.29,70.46,69.4,60,6,4.81,clear sky
473,Maracaju,BR,2020-08-02 22:04:52,-21.61,-55.17,74.07,41,0,8.57,clear sky
474,Tazovskiy,RU,2020-08-02 22:04:52,67.47,78.7,52.41,88,37,6.29,scattered clouds
475,Horsham,GB,2020-08-02 22:04:52,51.06,-0.33,63.0,77,100,5.82,overcast clouds
476,Ilebo,CD,2020-08-02 22:04:53,-4.32,20.58,77.56,48,66,0.81,broken clouds
477,Ojinaga,MX,2020-08-02 22:04:53,29.57,-104.42,98.6,18,75,6.93,broken clouds
478,Khuzdar,PK,2020-08-02 22:04:53,27.74,66.64,80.65,66,1,8.03,clear sky
479,Anadyr,RU,2020-08-02 22:04:53,64.75,177.48,51.8,76,75,6.71,broken clouds
480,Sabang,ID,2020-08-02 22:04:53,5.89,95.32,82.72,77,100,23.4,overcast clouds
481,Miri,MY,2020-08-02 22:04:53,4.41,114.01,78.8,94,40,2.24,scattered clouds
482,Sibu,MY,2020-08-02 22:04:53,2.3,111.82,73.4,94,40,3.36,scattered clouds
483,Dingle,PH,2020-08-02 22:04:53,11.0,122.67,76.55,84,100,2.8,overcast clouds
484,Mocuba,MZ,2020-08-02 22:04:53,-16.84,36.99,62.4,97,47,3.29,scattered clouds
485,Sabya,SA,2020-08-02 22:04:54,17.15,42.63,86.0,89,40,4.7,scattered clouds
486,Juneau,US,2020-08-02 22:04:54,58.3,-134.42,62.6,77,75,10.29,light rain
487,Nemuro,JP,2020-08-02 22:02:32,43.32,145.57,64.81,91,0,11.18,clear sky
488,Poum,NC,2020-08-02 22:04:54,-20.23,164.02,69.08,62,4,6.71,clear sky
489,Turtas,RU,2020-08-02 22:04:54,58.94,69.13,67.39,76,19,6.76,few clouds
490,Bestobe,KZ,2020-08-02 22:04:54,52.5,73.1,73.62,57,0,8.37,clear sky
491,Karratha,AU,2020-08-02 22:04:54,-20.74,116.85,66.31,78,76,5.35,broken clouds
492,Vitoria Da Conquista,BR,2020-08-02 21:59:58,-14.87,-40.84,59.22,92,15,9.04,few clouds
493,Lucapa,AO,2020-08-02 22:04:54,-8.42,20.74,70.14,41,95,4.25,overcast clouds
494,Sterling,US,2020-08-02 22:03:12,39.01,-77.43,91.99,49,40,14.99,scattered clouds
495,Dwarahat,IN,2020-08-02 22:04:55,29.78,79.43,66.88,93,19,0.92,light rain
496,Sarangani,PH,2020-08-02 22:04:55,5.4,125.46,79.7,83,100,7.94,light rain
497,Karlskrona,SE,2020-08-02 22:04:55,56.16,15.59,59.0,93,100,2.24,overcast clouds
498,Sotnikovskoye,RU,2020-08-02 22:04:55,45.0,43.78,63.61,85,100,10.33,overcast clouds
499,Juba,SS,2020-08-02 22:04:55,4.85,31.58,72.01,85,62,1.79,broken clouds
500,Bathsheba,BB,2020-08-02 22:04:55,13.22,-59.52,86.0,70,40,12.75,scattered clouds
501,Luderitz,NA,2020-08-02 22:04:55,-26.65,15.16,69.8,28,0,8.05,clear sky
502,Bugry,RU,2020-08-02 22:04:55,60.07,30.39,59.0,93,100,5.68,moderate rain
503,Buraydah,SA,2020-08-02 22:03:05,26.33,43.98,93.2,26,43,5.82,scattered clouds
504,Geraldton,AU,2020-08-02 22:04:56,-28.77,114.6,55.4,82,40,17.22,scattered clouds
505,Buenaventura,CO,2020-08-02 22:04:56,3.88,-77.03,81.34,86,73,5.32,light rain
506,Kayes,ML,2020-08-02 22:02:03,14.0,-11.0,82.4,78,20,6.93,few clouds
507,Douentza,ML,2020-08-02 22:04:56,15.0,-2.95,89.19,46,92,7.31,overcast clouds
508,Port Blair,IN,2020-08-02 22:04:56,11.67,92.75,82.11,80,100,25.95,light rain
509,Nago,JP,2020-08-02 22:04:56,26.59,127.98,84.2,79,40,13.87,scattered clouds
510,Bandar-E Lengeh,IR,2020-08-02 22:04:56,26.56,54.88,91.4,84,23,4.7,few clouds
511,Cedar City,US,2020-08-02 22:02:46,37.68,-113.06,98.6,4,1,18.34,clear sky
512,Storslett,NO,2020-08-02 22:04:57,69.77,21.02,54.18,62,0,9.19,clear sky
513,Northam,GB,2020-08-02 22:04:57,51.03,-4.22,60.01,84,95,8.01,overcast clouds
514,Sakakah,SA,2020-08-02 22:04:57,29.97,40.21,91.4,14,0,3.36,clear sky
515,Apt,FR,2020-08-02 22:04:57,43.88,5.4,77.0,53,99,11.41,overcast clouds
516,The Valley,AI,2020-08-02 22:01:39,18.22,-63.06,87.8,74,20,10.29,tornado
517,Mirzapur,IN,2020-08-02 22:02:07,25.15,82.58,84.2,79,40,6.2,haze
518,Chicama,PE,2020-08-02 22:04:57,-7.84,-79.15,68.68,65,12,9.24,few clouds
519,Tutoia,BR,2020-08-02 22:04:57,-2.76,-42.27,79.07,82,9,10.2,light rain
520,Cidreira,BR,2020-08-02 22:04:57,-30.18,-50.21,62.19,71,100,7.34,overcast clouds
521,Hami,CN,2020-08-02 22:04:58,42.8,93.45,77.99,17,85,1.81,overcast clouds
522,Uige,AO,2020-08-02 22:04:58,-7.61,15.06,65.62,74,71,3.06,broken clouds
523,Normandin,CA,2020-08-02 22:04:58,48.83,-72.53,69.8,88,90,6.93,overcast clouds
524,Alexandria,EG,2020-08-02 22:03:27,31.22,29.96,80.6,78,40,11.41,scattered clouds
525,Sigli,ID,2020-08-02 22:04:58,5.38,95.96,79.86,71,100,8.34,overcast clouds
526,Gizo,SB,2020-08-02 22:04:15,-8.1,156.84,82.0,80,49,9.89,scattered clouds
527,Koslan,RU,2020-08-02 22:04:58,63.46,48.9,51.03,92,99,7.27,overcast clouds
528,Burg,DE,2020-08-02 22:04:58,51.83,14.15,64.99,96,100,1.01,light rain
529,Noumea,NC,2020-08-02 22:04:59,-22.28,166.46,70.0,82,90,3.36,overcast clouds
530,Marsh Harbour,BS,2020-08-02 22:04:59,26.54,-77.06,83.59,79,100,26.26,light rain
531,Christchurch,NZ,2020-08-02 22:03:38,-43.53,172.63,52.0,93,100,5.82,overcast clouds
532,Neyshabur,IR,2020-08-02 22:00:19,36.21,58.8,73.45,22,0,1.61,clear sky
533,Daru,PG,2020-08-02 22:01:06,-9.08,143.21,75.63,86,92,14.5,light rain
534,Erenhot,CN,2020-08-02 22:00:58,43.65,111.98,65.66,58,43,13.38,scattered clouds
535,Langsa,ID,2020-08-02 22:02:11,4.47,97.97,75.2,88,100,2.68,overcast clouds
536,Tongling,CN,2020-08-02 22:04:59,30.95,117.78,80.15,86,4,2.93,clear sky
537,Salinas,US,2020-08-02 22:04:59,36.68,-121.66,71.6,56,1,17.22,clear sky
538,Kailua,US,2020-08-02 22:05:00,21.4,-157.74,84.2,48,40,18.34,scattered clouds
539,Itaqui,BR,2020-08-02 22:05:00,-29.13,-56.55,70.0,78,10,6.64,clear sky
540,Chelmza,PL,2020-08-02 22:05:00,53.18,18.6,69.01,64,91,3.36,overcast clouds
541,Lethem,GY,2020-08-02 22:05:00,3.38,-59.8,79.93,80,50,3.2,light rain
542,Ribas Do Rio Pardo,BR,2020-08-02 22:05:00,-20.44,-53.76,74.66,36,0,9.17,clear sky
543,Alihe,CN,2020-08-02 22:05:00,50.57,123.72,64.72,94,100,11.77,light rain
544,Nsukka,NG,2020-08-02 22:05:00,6.86,7.39,69.15,99,78,6.82,broken clouds
545,Saurimo,AO,2020-08-02 22:05:00,-9.66,20.39,67.96,38,100,6.42,overcast clouds
546,Ranong,TH,2020-08-02 22:05:00,9.97,98.63,80.51,83,100,19.04,moderate rain
547,Eydhafushi,MV,2020-08-02 22:05:00,5.1,73.07,82.62,79,100,16.17,light rain
548,Lasa,IT,2020-08-02 22:05:01,46.62,10.7,62.01,100,40,2.91,thunderstorm with light rain
549,Catuday,PH,2020-08-02 22:05:01,16.29,119.81,78.87,84,100,9.51,overcast clouds
550,Goderich,CA,2020-08-02 22:01:14,43.75,-81.72,68.0,86,100,27.74,moderate rain
551,Talnakh,RU,2020-08-02 22:05:01,69.49,88.4,55.4,87,95,8.95,overcast clouds
552,Basco,PH,2020-08-02 22:05:01,20.45,121.97,83.62,79,100,15.9,light rain
553,Praia Da Vitoria,PT,2020-08-02 22:04:23,38.73,-27.07,73.4,78,40,9.06,scattered clouds
554,Mogadishu,SO,2020-08-02 22:05:01,2.04,45.34,76.66,81,99,21.36,light rain
555,Benguela,AO,2020-08-02 22:05:02,-12.58,13.41,67.89,88,99,3.94,overcast clouds
556,Trelew,AR,2020-08-02 22:05:02,-43.25,-65.31,52.66,42,0,8.41,clear sky
557,Porto Franco,BR,2020-08-02 22:05:02,-6.34,-47.4,84.07,42,55,4.54,broken clouds
558,Thinadhoo,MV,2020-08-02 22:05:02,0.53,72.93,82.67,77,98,11.5,overcast clouds
559,Ziarat,PK,2020-08-02 22:01:39,30.38,67.73,65.95,68,0,4.74,clear sky
560,Lakatoro,VU,2020-08-02 22:05:02,-16.1,167.42,77.0,78,75,6.93,broken clouds
561,Shahgarh,IN,2020-08-02 22:05:02,24.32,79.13,82.02,70,50,5.66,scattered clouds
562,Pochutla,MX,2020-08-02 22:05:02,15.74,-96.47,91.4,59,20,11.41,few clouds
563,Saint-Joseph,RE,2020-08-02 22:05:03,-21.37,55.62,68.0,60,90,10.29,overcast clouds
564,Hay River,CA,2020-08-02 22:05:03,60.82,-115.8,89.6,49,40,10.29,scattered clouds
565,Lubango,AO,2020-08-02 22:05:03,-14.92,13.49,59.49,49,2,5.53,clear sky
566,Jiangkou,CN,2020-08-02 22:05:03,25.49,119.2,82.4,83,75,8.95,broken clouds
567,Leningradskiy,RU,2020-08-02 22:05:03,69.38,178.42,40.23,85,99,9.8,overcast clouds
568,Barahona,DO,2020-08-02 22:05:03,18.21,-71.1,87.8,66,20,18.34,few clouds
569,Santa Vitoria,BR,2020-08-02 22:05:03,-18.84,-50.12,74.1,37,0,4.81,clear sky
570,Zapolyarnyy,RU,2020-08-02 22:05:03,69.42,30.81,50.0,76,75,11.41,broken clouds
571,Contramaestre,CU,2020-08-02 22:05:04,20.3,-76.24,86.0,88,75,5.82,thunderstorm
572,Havoysund,NO,2020-08-02 22:05:04,71.0,24.66,48.2,81,47,9.17,scattered clouds
573,Nguruka,TZ,2020-08-02 22:05:04,-5.11,31.04,61.92,42,1,3.76,clear sky
574,Brigantine,US,2020-08-02 22:05:04,39.41,-74.36,89.6,62,1,13.87,clear sky
575,Bara,NG,2020-08-02 22:05:04,10.37,10.73,74.16,90,99,5.35,overcast clouds
576,Sibiti,CG,2020-08-02 22:05:04,-3.68,13.35,67.93,79,5,5.35,clear sky
577,Port-Cartier,CA,2020-08-02 22:05:05,50.03,-66.87,75.99,57,75,4.7,broken clouds
578,Deer Lake,CA,2020-08-02 22:05:05,49.17,-57.43,77.0,50,40,9.17,scattered clouds
579,Yantal,RU,2020-08-02 22:05:05,56.85,105.25,54.81,81,0,4.12,clear sky
580,Upata,VE,2020-08-02 22:05:05,8.01,-62.4,82.0,79,86,3.0,light rain
581,Arman,RU,2020-08-02 22:05:05,59.7,150.17,61.84,60,0,0.49,clear sky
582,Laguna,US,2020-08-02 22:05:05,38.42,-121.42,95.0,27,5,8.05,clear sky
583,Naryan-Mar,RU,2020-08-02 22:05:05,67.67,53.09,54.19,92,100,4.99,overcast clouds
584,Maymyo,MM,2020-08-02 22:05:05,22.03,96.47,69.67,100,100,2.13,light rain
585,Verkhoyansk,RU,2020-08-02 22:05:06,67.54,133.38,60.28,50,49,4.52,scattered clouds
586,Cariati,IT,2020-08-02 22:05:06,39.49,16.96,78.01,59,0,1.01,clear sky
587,Marechal Floriano,BR,2020-08-02 22:05:06,-20.41,-40.68,73.0,68,20,9.17,few clouds
588,Kuala Terengganu,MY,2020-08-02 22:05:06,5.33,103.14,75.2,100,40,9.17,thunderstorm with heavy rain
589,Digha,IN,2020-08-02 22:05:06,21.68,87.55,85.44,81,100,5.73,moderate rain
590,Mawlaik,MM,2020-08-02 22:05:06,23.63,94.42,79.29,85,53,0.51,broken clouds
591,Quelimane,MZ,2020-08-02 22:05:06,-17.88,36.89,68.0,88,20,3.85,few clouds
592,Vangaindrano,MG,2020-08-02 22:05:06,-23.35,47.6,64.36,75,100,3.56,overcast clouds
593,Grand Gaube,MU,2020-08-02 22:04:04,-20.01,57.66,66.0,78,41,3.0,scattered clouds
594,Bud,US,2020-08-02 22:05:06,39.45,-86.18,78.8,61,75,9.22,broken clouds
595,Verkhnevilyuysk,RU,2020-08-02 22:05:07,63.45,120.32,59.72,66,0,2.42,clear sky
596,Ranau,MY,2020-08-02 22:05:07,5.95,116.66,77.0,83,20,5.82,few clouds
597,Fujin,CN,2020-08-02 22:05:07,47.26,132.03,69.31,97,100,11.92,moderate rain
598,Taungdwingyi,MM,2020-08-02 22:05:07,20.02,95.55,77.58,94,100,4.56,light rain
599,Grand-Lahou,CI,2020-08-02 22:05:07,5.14,-5.02,72.55,85,11,7.31,few clouds
600,Matagami,CA,2020-08-02 22:05:07,49.75,-77.63,59.0,82,90,11.41,overcast clouds
601,Safranbolu,TR,2020-08-02 22:00:30,41.25,32.69,57.07,79,0,1.5,clear sky
602,Alberdi,AR,2020-08-02 22:05:08,-32.89,-60.69,78.8,50,47,8.05,scattered clouds
603,Middle Island,US,2020-08-02 22:05:08,40.88,-72.94,82.99,78,90,14.99,overcast clouds
604,Witney,GB,2020-08-02 22:05:08,51.78,-1.49,62.6,72,75,4.7,broken clouds
605,Zhanakorgan,KZ,2020-08-02 22:05:08,43.91,67.25,80.67,30,0,10.83,clear sky
606,Qinhuangdao,CN,2020-08-02 22:05:08,39.93,119.59,75.83,87,28,2.93,scattered clouds
607,Luganville,VU,2020-08-02 22:04:27,-15.53,167.17,77.0,78,75,6.93,broken clouds
608,Dharapuram,IN,2020-08-02 22:05:08,10.73,77.52,73.4,94,75,6.93,mist
609,Luga,RU,2020-08-02 22:05:09,58.74,29.85,54.75,91,86,5.28,overcast clouds
610,Kropotkin,RU,2020-08-02 22:05:09,45.44,40.58,63.32,65,1,4.25,clear sky
611,Letnik,RU,2020-08-02 22:05:09,46.01,41.27,64.0,61,32,5.59,scattered clouds
612,Non Sang,TH,2020-08-02 22:05:09,16.87,102.57,77.0,94,75,9.17,broken clouds
613,Yumen,CN,2020-08-02 22:05:09,40.28,97.2,64.24,27,12,10.94,few clouds
614,Beppu,JP,2020-08-02 22:05:09,33.27,131.49,77.76,71,63,1.14,broken clouds
615,Tabuk,PH,2020-08-02 22:05:09,17.42,121.44,74.97,84,99,1.7,overcast clouds
616,Ati,TD,2020-08-02 22:05:09,13.22,18.34,75.2,83,99,15.14,overcast clouds
617,Hirara,JP,2020-08-02 22:05:10,24.8,125.28,78.8,88,75,35.57,light intensity shower rain
618,Kiama,AU,2020-08-02 22:05:10,-34.68,150.87,53.01,66,76,1.01,broken clouds
619,Minnedosa,CA,2020-08-02 22:05:10,50.25,-99.84,75.2,41,75,8.05,broken clouds
620,Marawi,PH,2020-08-02 22:05:10,8.0,124.29,77.0,86,96,5.99,overcast clouds
621,Muswellbrook,AU,2020-08-02 22:05:10,-32.27,150.9,45.0,80,93,3.71,overcast clouds
622,Chara,RU,2020-08-02 22:05:10,56.91,118.26,55.26,89,100,2.37,moderate rain
623,Kokopo,PG,2020-08-02 22:05:10,-4.35,152.26,81.27,78,77,8.7,broken clouds
624,Zabol,AF,2020-08-02 22:00:35,32.25,67.25,66.45,23,0,8.55,clear sky
625,Iguape,BR,2020-08-02 22:00:38,-24.71,-47.56,65.57,90,4,5.79,clear sky
626,Warrnambool,AU,2020-08-02 22:02:50,-38.38,142.48,46.04,83,19,13.94,few clouds
627,Lidkoping,SE,2020-08-02 22:05:11,58.51,13.16,57.2,93,33,14.99,scattered clouds
628,San Jeronimo,PE,2020-08-02 22:05:11,-11.95,-75.28,61.79,31,0,8.52,clear sky
629,Maceio,BR,2020-08-02 22:05:11,-9.67,-35.74,73.4,88,40,8.05,scattered clouds
630,Kapit,MY,2020-08-02 22:05:11,2.02,112.93,74.53,93,100,1.3,light rain
631,Curuca,BR,2020-08-02 22:05:11,-0.73,-47.85,75.72,94,6,5.12,light rain
632,Nishihara,JP,2020-08-02 22:05:11,26.18,127.76,84.2,83,75,14.99,broken clouds
633,Shaunavon,CA,2020-08-02 22:05:11,49.65,-108.42,82.22,30,34,15.99,scattered clouds
634,Kutum,SD,2020-08-02 22:04:00,14.2,24.67,70.56,84,58,14.67,light rain
635,Veraval,IN,2020-08-02 22:05:12,20.9,70.37,84.16,82,93,5.99,overcast clouds
636,Nassau,US,2020-08-02 22:05:12,40.75,-73.58,86.0,74,40,18.34,scattered clouds
637,Yukhnov,RU,2020-08-02 22:01:06,54.74,35.23,49.69,93,0,3.69,clear sky
638,Mongoumba,CF,2020-08-02 22:05:12,3.64,18.59,71.44,95,98,2.17,overcast clouds
639,Lagoa,PT,2020-08-02 22:00:18,39.05,-27.98,71.67,82,0,13.53,clear sky
640,Mankapur,IN,2020-08-02 22:04:19,27.03,82.23,85.24,73,16,3.31,light rain
641,Maunabo,PR,2020-08-02 22:05:13,18.01,-65.9,84.99,81,25,4.0,light rain
642,Hayrabolu,TR,2020-08-02 22:05:13,41.21,27.11,68.0,82,0,10.29,clear sky
643,Bouca,CF,2020-08-02 22:05:13,6.51,18.27,69.84,97,100,2.1,overcast clouds
644,Shizukuishi,JP,2020-08-02 22:05:13,39.68,140.98,67.51,88,97,2.53,overcast clouds
645,Teya,RU,2020-08-02 22:05:13,60.38,92.63,53.28,75,0,0.65,clear sky
646,Port Augusta,AU,2020-08-02 22:05:13,-32.5,137.77,48.2,100,90,5.82,overcast clouds
647,Akranes,IS,2020-08-02 22:05:13,64.32,-22.07,51.8,81,90,11.41,overcast clouds
648,Honningsvag,NO,2020-08-02 22:05:14,70.98,25.97,50.0,87,75,9.17,broken clouds
649,Gordeyevka,RU,2020-08-02 22:05:14,52.96,31.97,53.46,87,28,2.39,scattered clouds
650,Husavik,IS,2020-08-02 22:05:14,66.04,-17.34,50.0,93,90,9.17,mist
651,Kollo,NE,2020-08-02 22:05:14,13.3,2.34,82.4,88,20,6.93,thunderstorm with light rain
652,Fukue,JP,2020-08-02 22:00:50,32.69,128.84,80.49,82,38,9.95,scattered clouds
653,Korla,CN,2020-08-02 22:05:14,41.76,86.15,79.0,60,84,1.01,broken clouds
654,Kerman,IR,2020-08-02 22:05:14,30.28,57.08,75.2,31,20,4.7,few clouds
655,Whitehorse,CA,2020-08-02 22:05:14,60.72,-135.05,66.2,42,75,9.17,broken clouds
656,Boysun,UZ,2020-08-02 22:05:15,38.21,67.2,68.07,32,0,3.24,clear sky
657,Bonthe,SL,2020-08-02 22:05:15,7.53,-12.51,74.44,86,100,7.38,overcast clouds
658,La Baneza,ES,2020-08-02 22:05:15,42.3,-5.9,62.6,63,100,4.7,overcast clouds
659,Kerema,PG,2020-08-02 22:05:15,-7.96,145.78,76.23,81,80,2.01,broken clouds
660,Saint-Pierre,RE,2020-08-02 22:05:15,-21.34,55.48,68.0,60,90,10.29,overcast clouds
661,Palu,ID,2020-08-02 22:05:15,-0.89,119.87,75.56,80,100,3.22,light rain
662,Dakar,SN,2020-08-02 22:00:42,14.69,-17.44,84.2,79,20,16.11,few clouds
663,San Cristobal,VE,2020-08-02 22:05:15,7.77,-72.22,91.4,41,20,29.97,few clouds
664,Tucurui,BR,2020-08-02 22:05:15,-3.77,-49.67,79.92,60,32,1.1,scattered clouds
665,Tolaga Bay,NZ,2020-08-02 22:05:16,-38.37,178.3,55.22,84,100,8.01,light rain
666,Syracuse,IT,2020-08-02 22:05:16,37.09,15.28,82.4,57,0,5.82,clear sky
667,San Ramon,US,2020-08-02 22:05:16,37.78,-121.98,91.99,25,1,12.75,clear sky
668,Nouadhibou,MR,2020-08-02 22:00:18,20.93,-17.03,73.4,83,0,20.8,clear sky
669,Hualmay,PE,2020-08-02 22:05:16,-11.1,-77.61,64.08,73,18,10.2,few clouds
670,Indiaroba,BR,2020-08-02 22:05:16,-11.52,-37.51,70.74,89,8,5.93,light rain
671,Saint Anthony,US,2020-08-02 22:05:16,45.02,-93.22,73.4,46,1,12.75,clear sky
672,Mmabatho,ZA,2020-08-02 22:05:16,-25.85,25.63,46.4,39,0,6.93,clear sky
673,Mildura,AU,2020-08-02 22:01:54,-34.2,142.15,42.8,48,100,5.77,overcast clouds
674,Kankaanpaa,FI,2020-08-02 22:05:17,61.8,22.42,60.8,82,78,2.24,shower rain
675,Rio Gallegos,AR,2020-08-02 22:04:07,-51.62,-69.22,39.2,86,38,13.87,scattered clouds
676,Najran,SA,2020-08-02 22:05:17,17.49,44.13,82.4,51,40,14.99,scattered clouds
677,Luba,GQ,2020-08-02 22:05:17,3.46,8.55,78.8,94,40,9.17,scattered clouds
678,Kathmandu,NP,2020-08-02 22:05:14,27.72,85.32,71.6,100,75,3.36,light rain
679,Zyryanka,RU,2020-08-02 22:05:17,65.75,150.85,61.83,52,5,7.7,clear sky
680,Pingzhuang,CN,2020-08-02 22:05:17,42.04,119.29,72.25,51,0,6.02,clear sky
681,Atambua,ID,2020-08-02 22:05:17,-9.11,124.89,65.19,86,40,4.79,scattered clouds
682,Statesboro,US,2020-08-02 22:05:17,32.45,-81.78,95.0,36,40,10.29,scattered clouds
